image,GT数,漏检FN,误检FP,漏检类,误检类
18203.jpg,14,6,11,pl30 pl60 po po po po,po pne p26 p12 p26 pl30 po p26 p6 po pr40
31493.jpg,11,8,3,pl20 ph5 pl5 pl5 pl5 ph5 ph5 ph5,pl5 pl5 pl5
12467.jpg,10,5,5,ph5 pl5 pl5 ph5 ph5,pl5 pl5 pl5 pl5 io
64400.jpg,4,0,10,,pn p26 pn po pl40 p11 p11 po i4 pne
82508.jpg,8,5,5,pl70 pl50 pl40 io i2,pn pne i4 pl40 pl40
83118.jpg,5,1,9,pl80,pn p26 p11 io po po io pl40 i5
22693.jpg,8,6,3,pl5 pl5 pl20 pl5 pl5 ph5,pl5 pl5 pl70
42905.jpg,6,4,5,po po po pl30,ph4.5 p26 p26 ph4 pl40
49324.jpg,2,1,8,il60,pl100 pl100 pl100 il80 il80 il80 il100 il100
53500.jpg,5,3,6,pl60 pl40 pl30,po po p26 p10 pl40 pl5
55241.jpg,12,4,5,pl100 il80 pl80 pl80,il60 pl120 il60 pl100 il80
8012.jpg,9,2,7,pl60 i2,pn pl50 i2 i4 pn po pl50
94307.jpg,6,3,6,pne i5 pl60,pn io p11 io pl40 pl60
10189.jpg,3,3,5,pn p3 p27,p26 pne p26 p26 p26
4902.jpg,8,7,1,i5 pn p10 p26 p27 po i5,pl5
56587.jpg,10,6,2,pl40 po pl70 pl50 io i2,pl40 pl40
61383.jpg,7,4,4,pg i4 i2 p12,io io io p6
65090.jpg,9,2,6,il100 pl80,p3 p26 il60 pl100 il80 il80
16921.jpg,7,3,4,pl70 po i2,io io p27 pl60
20605.jpg,4,2,5,pl30 i4,i5 i5 i5 pl60 i5
23842.jpg,6,4,3,pl60 p26 po po,pn p12 po
29297.jpg,7,4,3,pne p10 pn pl30,io p26 io
31755.jpg,5,4,3,w57 pl30 p12 p6,pl50 po p11
51875.jpg,9,6,1,pl5 pl5 pl5 pl5 ph5 ph5,io
55359.jpg,6,0,7,,p11 ph5 ph5 p3 pl5 po p6
67226.jpg,7,3,4,pl50 p11 po,i4 i2 pn pl40
75067.jpg,5,1,6,po,p11 p5 p11 ph4.5 ph4 pl30
81474.jpg,5,2,5,pl120 il100,pl100 p26 pl100 il80 il80
90633.jpg,4,3,4,p12 w55 pl30,po pl40 pl60 w13
12229.jpg,2,1,5,w13,pn pl30 w57 pl50 w55
13527.jpg,4,4,2,po p11 po po,pl5 pl5
143.jpg,4,2,4,pl60 p3,io p26 io pl40
24019.jpg,9,2,4,pl100 pl80,il60 pl100 il60 pl100
24804.jpg,7,2,4,p10 io,io i5 io pl5
30328.jpg,6,2,4,po p26,po p12 p6 p10
31082.jpg,2,1,5,p10,pn p26 p26 p26 p26
36393.jpg,6,3,3,pl5 pl5 pl5,io pl5 pl5
40022.jpg,7,1,5,pl50,i2 pn i5 i4 pl40
43248.jpg,6,3,3,i2 po po,i2 p11 pl40
45495.jpg,2,0,6,,pn i4 i2 p11 i4 pl40
4710.jpg,6,4,2,il80 pl100 il60 il60,pl80 pl80
48103.jpg,5,2,4,pl50 p11,pne i5 pl40 pl50
52252.jpg,4,3,3,pm55 p12 pne,pl5 p11 ph4
56576.jpg,5,2,4,p12 p6,pl50 po po w13
64834.jpg,2,0,6,,pn p11 p11 pl5 pl5 pn
69700.jpg,7,3,3,pl80 pl50 ph4,pl100 il60 pl40
73110.jpg,9,1,5,pl100,il60 pl100 il80 pl80 pl100
79556.jpg,3,3,3,pl120 pl100 pl80,pl40 ph4 pl70
81000.jpg,9,3,3,pl70 pl50 p10,io po i2
81264.jpg,4,0,6,,pn p26 i4 p11 pl40 po
81686.jpg,3,2,4,i4 i2,pn p11 p11 pl50
83879.jpg,5,2,4,pl50 ph5,p26 pl40 i2 pl60
85447.jpg,12,1,5,pl80,il60 pl80 il60 pl100 il80
85822.jpg,9,5,1,pl70 pl40 io i2 p10,io
91569.jpg,6,4,2,p11 pl60 w55 po,p26 p26
91731.jpg,5,1,5,pl50,pne ip i5 pl40 io
91792.jpg,5,2,4,po p26,pn p11 pl40 i5
93103.jpg,7,1,5,po,ph4.5 p3 pl70 w59 ph5
94665.jpg,5,1,5,ph5,pm55 io w57 ph4.5 po
9652.jpg,3,0,6,,p11 pn pl50 po po p26
98793.jpg,5,5,1,pl100 il80 pl100 pl120 pl60,pl60
13.jpg,4,2,3,w55 w55,w13 w57 w32
1507.jpg,2,1,4,pne,pn i2 i4 pl50
15332.jpg,7,2,3,i4 i5,ph4.5 i2 i2
1556.jpg,2,1,4,po,io io p26 p11
18073.jpg,2,1,4,p6,po p26 po po
18087.jpg,5,3,2,pl120 p26 pl100,il60 pl80
18935.jpg,8,1,4,pl70,i2 io p10 pl60
20038.jpg,11,1,4,pl100,pl100 il80 il60 pl80
20224.jpg,4,2,3,po po,pl80 p11 p26
20982.jpg,2,2,3,pm30 pm30,ph5 pl40 p26
21032.jpg,6,0,5,,pl100 pl80 pl100 pl80 il60
26401.jpg,1,1,4,p23,pn p5 pn pl50
27009.jpg,5,2,3,p6 pl30,p11 pl80 pl60
28410.jpg,4,2,3,po pl60,ph4 p26 po
29501.jpg,1,0,5,,p11 p11 p12 ph4.5 po
30205.jpg,6,3,2,p12 p6 i5,po po
31784.jpg,7,3,2,po p10 p11,p26 il100
3448.jpg,6,3,2,p26 p11 po,p26 io
37039.jpg,6,2,3,il60 il80,il100 il100 il80
39493.jpg,1,1,4,p12,pne po po p11
42515.jpg,9,1,4,pl70,pl50 io pl40 i2
45259.jpg,4,1,4,pl80,p26 po po ph5
45417.jpg,6,0,5,,po ph4.5 pl60 ph4 pl40
4620.jpg,4,2,3,i4 pl50,i4 i2 pne
47948.jpg,6,2,3,pl40 ph5,pl70 po pl60
48010.jpg,9,5,0,pl40 p11 pn pn i4,
52429.jpg,4,2,3,pl60 pl60,pl40 pl80 pl30
52777.jpg,12,1,4,pl100,p26 pl120 il60 pl100
56997.jpg,6,2,3,po po,p11 pn pl40
58531.jpg,5,1,4,p27,io p11 io po
59076.jpg,5,2,3,p11 pl70,io i5 pl5
61958.jpg,2,1,4,p11,po p10 pl40 ph4
63771.jpg,6,2,3,pl50 p11,po pl30 pl80
64371.jpg,7,1,4,po,ph4.5 pm20 ph5 po
65785.jpg,4,3,2,p11 i2 p12,po io
68158.jpg,5,3,2,ph4 p12 pl60,ph4.5 ph5
69211.jpg,5,3,2,i2 i4 p12,i5 io
69241.jpg,7,2,3,il80 pl100,il60 il80 pl80
6999.jpg,12,1,4,il80,pl100 il60 p3 il80
70050.jpg,4,2,3,pl50 io,pne pl40 i5
70719.jpg,1,1,4,p26,pn p11 io p11
7153.jpg,5,0,5,,pn i5 i5 i4 i5
71807.jpg,9,1,4,pl100,pl80 il80 w59 pl100
72147.jpg,2,1,4,po,p5 w57 w57 wo
739.jpg,9,0,5,,p26 il60 pl100 pl100 pl80
76837.jpg,4,3,2,p10 p26 po,pl5 pl5
79464.jpg,2,0,5,,pn p11 i4 i2 pl40
79595.jpg,4,3,2,po po po,pl5 pl5
83878.jpg,3,1,4,p6,po po ph5 io
89304.jpg,7,2,3,p26 pne,po po p10
90520.jpg,5,1,4,i4,pn p11 i5 i4
9401.jpg,8,2,3,pl50 p10,io pl60 io
94825.jpg,3,2,3,w55 pl30,pl40 pne pl60
9994.jpg,1,1,4,p11,pm30 po po pl30
11381.jpg,5,1,3,p6,po po p11
11623.jpg,5,2,2,pl60 p23,pl40 po
11993.jpg,1,0,4,,pn po po pl40
13143.jpg,4,2,2,pl30 p19,p23 pl80
1334.jpg,4,0,4,,il60 il80 pl100 il80
13457.jpg,1,0,4,,p26 p11 p26 p11
14157.jpg,11,2,2,ph5 pl5,pl5 ph4
14459.jpg,4,2,2,pl60 pl50,pl40 pl40
14505.jpg,2,1,3,pl60,p5 p11 po
14663.jpg,9,1,3,p10,i2 p26 pl50
16395.jpg,4,3,1,po p11 po,p11
1774.jpg,3,1,3,pl60,p11 pl30 po
17912.jpg,7,2,2,i2 pl50,pne pl40
18247.jpg,6,2,2,il60 il60,il80 il80
19630.jpg,8,1,3,il80,il100 il60 pl120
20351.jpg,2,0,4,,pl40 p11 pne pn
21298.jpg,5,1,3,po,p5 pn pl80
21529.jpg,5,1,3,i2,io io io
22576.jpg,3,2,2,p23 i5,pn p5
23068.jpg,2,1,3,pl60,io pl80 pl50
24143.jpg,1,1,3,pm20,pl80 pl60 pl80
24352.jpg,6,2,2,p11 pl70,pl5 p26
25217.jpg,4,2,2,pl40 pl60,pl40 pl80
25579.jpg,3,1,3,i5,i5 i5 i5
2591.jpg,6,3,1,pl50 io p12,pl5
26242.jpg,3,1,3,w55,po w57 pl50
27354.jpg,1,0,4,,pn p11 pne pl60
2799.jpg,3,1,3,pl80,pl60 po pl40
28617.jpg,4,1,3,ph4.5,p26 ph5 il60
28763.jpg,7,1,3,pl50,i5 pl40 pl60
28808.jpg,6,2,2,ip pl60,pl40 pl80
29315.jpg,2,2,2,p12 p6,po po
29593.jpg,4,1,3,p6,io po p10
29597.jpg,7,2,2,pl50 p26,pl40 pn
35551.jpg,3,1,3,pm30,io pl30 p11
36342.jpg,5,3,1,p23 w32 p11,wo
364.jpg,2,1,3,pl30,pl80 p23 p23
36945.jpg,2,2,2,i4 i2,i5 i5
37242.jpg,1,1,3,p12,pl5 p11 po
39993.jpg,4,0,4,,pn i2 i4 p11
40799.jpg,4,2,2,pl80 pl5,pl40 p26
40995.jpg,2,1,3,il60,pl80 il100 pl120
41137.jpg,3,1,3,pl50,p11 pl40 pn
41274.jpg,5,1,3,pl80,pn p11 pl40
4134.jpg,2,1,3,po,pl5 po pl5
41568.jpg,6,2,2,pl60 pl60,pl50 pl5
42060.jpg,6,2,2,pl80 p26,pl50 pn
42372.jpg,3,3,1,pm20 pm20 pm20,pl40
43792.jpg,3,2,2,i4 pl60,pne i5
46070.jpg,2,0,4,,ph4.5 pl70 pl70 ph4
46630.jpg,2,1,3,pl60,io io pl40
47768.jpg,6,0,4,,pl80 il80 il100 il80
49843.jpg,2,1,3,pn,ph5 po p10
50345.jpg,3,1,3,p23,p19 pn p11
50510.jpg,2,2,2,p3 pne,pl5 w57
50732.jpg,3,0,4,,pn po po p11
51306.jpg,9,1,3,pl100,pl100 pl80 il60
53003.jpg,9,0,4,,p3 p26 il60 pl100
53311.jpg,1,0,4,,i4 pl40 i5 i4
55632.jpg,4,2,2,i4 pl50,pn pl40
57710.jpg,6,0,4,,pn p11 i2 i4
5841.jpg,4,2,2,pn p11,p10 po
58978.jpg,4,1,3,i4,pne pl50 i5
59031.jpg,1,1,3,pl60,pl40 w55 w32
59948.jpg,2,1,3,i4,pn pn i5
60137.jpg,7,2,2,pl50 p11,p26 pn
60484.jpg,6,3,1,p6 pl70 pl50,po
60598.jpg,3,0,4,,ph4.5 il60 p26 pl50
63201.jpg,9,2,2,pl100 pl80,il60 il80
67709.jpg,6,1,3,pl30,pl50 i2 pl60
68778.jpg,7,2,2,pl50 p11,pl40 i4
69435.jpg,2,1,3,p19,p5 po pn
69666.jpg,5,3,1,p26 p12 pl50,p10
71937.jpg,3,2,2,io i5,i5 pn
7219.jpg,3,3,1,p26 pl50 pn,ip
72688.jpg,4,0,4,,pn p26 po i4
72765.jpg,2,1,3,io,p10 io i4
73489.jpg,2,1,3,pl50,pn i5 p11
73970.jpg,3,1,3,p23,pn po p5
74380.jpg,8,2,2,pl30 pl30,pl80 pl50
74638.jpg,5,3,1,pl70 pn pn,pl30
76771.jpg,5,2,2,i4 p12,ph4.5 io
77343.jpg,2,2,2,p6 po,po pne
79688.jpg,7,3,1,i5 i5 i5,ph5
80117.jpg,4,2,2,pl40 pn,pl60 pn
81817.jpg,3,2,2,p6 ph5,p26 p26
82136.jpg,6,1,3,p12,po ph5 ph4.5
83895.jpg,8,1,3,pl80,p26 pl40 pl60
84374.jpg,6,3,1,p19 pl50 p11,p5
84586.jpg,5,3,1,pl60 p12 pl40,po
8558.jpg,6,2,2,il80 il60,il60 il60
86340.jpg,3,0,4,,p26 po po po
86368.jpg,6,3,1,i5 pne i5,p11
87665.jpg,1,1,3,ph4,wo ph4.5 p19
8783.jpg,1,1,3,w57,pn pl50 pl50
88015.jpg,4,2,2,pl40 p3,p26 pl50
88333.jpg,5,1,3,w57,pn pl50 po
88663.jpg,8,3,1,pl30 pl40 pl30,pl80
88999.jpg,5,2,2,pm20 pl70,pm30 pl60
89545.jpg,1,0,4,,pn pl80 i5 i5
89860.jpg,5,2,2,po p11,pn p26
8998.jpg,4,3,1,pl5 pl5 pl5,p23
90326.jpg,4,2,2,pl50 io,i2 pl40
90444.jpg,4,1,3,i4,pn pl50 i2
92572.jpg,9,0,4,,po io i2 pl20
92707.jpg,4,2,2,p10 po,p11 pr40
93045.jpg,4,2,2,il100 pl120,pl100 il60
9360.jpg,3,2,2,po p11,po pl5
94144.jpg,4,3,1,pl60 p11 io,pl30
94874.jpg,4,3,1,pl80 p26 po,pn
95056.jpg,2,1,3,pl60,p26 po p10
95393.jpg,4,1,3,pl60,p26 p26 pne
95561.jpg,6,2,2,pl20 ph5,pl30 p11
96501.jpg,2,1,3,pl40,w59 w59 w59
97536.jpg,3,0,4,,i5 pn ip i5
98129.jpg,4,1,3,pl80,pn pl60 pn
10191.jpg,3,2,1,i5 pm30,p11
10227.jpg,3,1,2,po,p11 pn
10375.jpg,3,1,2,po,p26 pl30
10523.jpg,5,2,1,p12 pl30,pl50
10570.jpg,11,2,1,po po,p11
117.jpg,9,1,2,pl80,pl100 il80
12552.jpg,2,1,2,w55,w57 wo
1301.jpg,4,0,3,,ph4.5 po ph4
13044.jpg,5,1,2,pl80,pl40 pl60
13059.jpg,2,2,1,pl60 pl40,pl30
14359.jpg,2,0,3,,pn p11 pl40
14484.jpg,1,1,2,pl5,p27 ph4.5
14625.jpg,3,3,0,pl60 pn p11,
15392.jpg,2,0,3,,io io io
15713.jpg,2,1,2,p11,pne p3
15766.jpg,4,1,2,pl60,pl40 pl60
15943.jpg,1,0,3,,w59 w59 w59
16360.jpg,5,1,2,p6,po pn
1642.jpg,6,2,1,il60 il60,il80
18024.jpg,2,1,2,p23,pl5 po
18029.jpg,3,0,3,,pn p11 p11
18071.jpg,5,1,2,i2,i5 w55
18506.jpg,2,1,2,i4,pn i2
18509.jpg,1,1,2,pm20,i5 pl40
18569.jpg,2,0,3,,p5 pn pl50
18639.jpg,5,2,1,pl50 p11,pn
18716.jpg,3,1,2,p23,pl40 po
18720.jpg,5,0,3,,p5 il80 il100
1891.jpg,4,0,3,,i2 pn p11
18925.jpg,2,2,1,w13 pl20,pg
193.jpg,1,0,3,,pl5 po p11
19801.jpg,1,1,2,pl60,pl30 w32
204.jpg,2,0,3,,pn pn pl50
21126.jpg,8,1,2,i4,io pl40
22433.jpg,3,1,2,p6,io po
22436.jpg,3,1,2,pl80,pl40 pl60
22673.jpg,3,0,3,,io io io
23320.jpg,4,2,1,i5 i2,i2
23384.jpg,2,1,2,pm30,pl40 pl5
23791.jpg,6,0,3,,p12 p12 ph5
24205.jpg,2,1,2,pl20,pl70 pm20
24993.jpg,2,0,3,,w57 p5 pl70
25220.jpg,2,1,2,pl60,io io
25226.jpg,5,1,2,p6,po po
25722.jpg,7,1,2,pl80,il80 il100
2604.jpg,4,2,1,p5 io,i5
26243.jpg,3,2,1,pl60 p11,pl80
26310.jpg,1,0,3,,p11 po po
26446.jpg,2,2,1,p26 po,po
27094.jpg,2,1,2,pl60,pl40 pn
27505.jpg,3,3,0,i2 i4 i5,
28040.jpg,4,1,2,il100,il80 pl80
28320.jpg,3,1,2,pl20,pne i5
28592.jpg,2,0,3,,p11 pn pl40
30178.jpg,4,1,2,pl30,pl40 pl40
31372.jpg,3,2,1,po p12,io
31583.jpg,1,0,3,,pl60 io p11
3178.jpg,3,0,3,,pl40 ph4 po
32773.jpg,2,1,2,p11,p26 po
3304.jpg,1,0,3,,w13 pl30 pl5
33127.jpg,5,2,1,pl30 pl40,pl5
33292.jpg,5,1,2,w32,pl30 wo
33520.jpg,3,2,1,p11 pl60,pl80
3358.jpg,1,1,2,p3,ph5 p26
33768.jpg,5,1,2,pl50,i5 pl40
33871.jpg,3,2,1,p19 pne,p23
34548.jpg,4,1,2,pl50,i2 i4
34726.jpg,2,2,1,po pl20,p26
35507.jpg,4,1,2,w55,pl40 w32
35769.jpg,4,1,2,pl60,ph5 po
36412.jpg,4,3,0,pne i5 pne,
36857.jpg,5,2,1,pl50 p11,pl50
37451.jpg,9,0,3,,pl100 il80 pl80
38062.jpg,2,0,3,,pn pl40 pl60
38199.jpg,5,2,1,p26 pl50,p11
3838.jpg,1,0,3,,i5 io io
38587.jpg,1,1,2,pl20,pl60 pl70
39248.jpg,5,1,2,po,pl40 p11
39338.jpg,3,2,1,i5 i2,io
39762.jpg,4,0,3,,pn p11 i2
4001.jpg,3,2,1,pne pl30,pl40
40308.jpg,1,1,2,pl20,io p27
40317.jpg,1,0,3,,p5 i5 wo
40839.jpg,1,0,3,,pg pn io
41139.jpg,5,2,1,pl50 ph5,ph4.5
41372.jpg,4,3,0,i4 i2 i5,
41560.jpg,4,1,2,pl80,pl40 pl60
41889.jpg,2,2,1,po ip,p23
41940.jpg,1,1,2,po,p23 i5
41963.jpg,6,0,3,,il60 il60 il80
41988.jpg,1,1,2,pn,po pne
42293.jpg,5,2,1,pl50 p11,po
42818.jpg,4,1,2,w55,pl40 pn
42877.jpg,4,3,0,pl5 po i5,
43070.jpg,2,1,2,pl50,io io
43326.jpg,9,0,3,,il60 pl100 pl80
44244.jpg,2,1,2,po,pn p26
44980.jpg,5,1,2,pl50,pl40 w57
46120.jpg,4,1,2,pl50,pn pl40
46127.jpg,4,3,0,ph4 i4 po,
46204.jpg,2,0,3,,pn ip pl40
47144.jpg,2,1,2,po,pm30 w59
47240.jpg,5,3,0,pl40 p11 pn,
48565.jpg,2,1,2,pl30,pl40 pl60
48607.jpg,1,1,2,pm20,pl40 pl40
4867.jpg,3,2,1,p5 p10,p23
48738.jpg,1,1,2,pl120,pl70 pl20
49054.jpg,3,2,1,p19 p10,pl5
50739.jpg,6,2,1,pl100 il60,il80
51178.jpg,4,2,1,pl5 pl5,pm55
514.jpg,6,0,3,,il60 il80 il80
51551.jpg,2,1,2,p6,po po
52214.jpg,3,1,2,po,pn pn
52662.jpg,2,1,2,po,pl50 w13
54531.jpg,2,0,3,,ph5 ph4.5 pm20
54608.jpg,4,2,1,w57 i4,io
54844.jpg,3,1,2,pm30,io pl5
55437.jpg,2,1,2,w32,wo wo
56245.jpg,4,2,1,pl60 io,pl80
56263.jpg,1,1,2,pl100,pl80 w57
56537.jpg,3,2,1,p11 po,pl5
56922.jpg,9,2,1,pl40 ip,ip
57064.jpg,4,2,1,pl30 w57,pl60
58061.jpg,3,2,1,pl40 p11,i5
58281.jpg,2,1,2,ph4.5,ph4.5 ph5
58323.jpg,10,2,1,po pl80,pl40
58710.jpg,1,0,3,,i5 i2 i2
59013.jpg,3,1,2,p23,pl5 po
59223.jpg,1,1,2,p11,pl40 pl60
59877.jpg,1,0,3,,p10 p26 p10
60075.jpg,5,2,1,i4 i2,ph4
6017.jpg,3,1,2,pl60,pl80 w32
60636.jpg,3,2,1,p19 i5,po
61238.jpg,5,0,3,,p26 io pl80
61448.jpg,7,2,1,pl70 p10,pl40
62025.jpg,2,1,2,w57,w57 w13
62282.jpg,1,0,3,,pn pl30 pl50
62728.jpg,3,2,1,i2 ph4,io
62770.jpg,6,1,2,i4,i5 pl60
62790.jpg,4,1,2,pl50,pl40 pl60
63032.jpg,1,1,2,wo,w59 w57
63144.jpg,1,1,2,pl20,pl70 pl60
63276.jpg,2,1,2,pl60,io pl80
63436.jpg,4,2,1,pl50 pn,po
63581.jpg,3,2,1,p11 pl40,po
63799.jpg,2,0,3,,pl40 pn w55
63839.jpg,2,2,1,pl100 pl60,pl40
63840.jpg,5,2,1,p23 pl50,po
64499.jpg,3,1,2,pl20,pl70 p10
64626.jpg,2,1,2,w13,w57 w57
65357.jpg,7,0,3,,pl120 ph4.5 il80
65599.jpg,2,0,3,,pn pl5 p11
6560.jpg,6,2,1,il60 il60,pl100
66004.jpg,4,2,1,pne i5,pn
66096.jpg,5,0,3,,po ph5 p12
66549.jpg,3,1,2,ph4,ph4.5 ph4.5
6673.jpg,3,1,2,pl80,pl40 pl60
67401.jpg,3,2,1,io i2,il60
68066.jpg,6,2,1,p10 p12,p10
69108.jpg,3,3,0,p23 pg ip,
69513.jpg,3,0,3,,p26 pn pl80
71022.jpg,2,1,2,pl30,pne pl80
72001.jpg,1,1,2,pl30,pn pl5
72478.jpg,6,2,1,po po,po
73.jpg,9,1,2,pl80,pl100 il60
73163.jpg,1,0,3,,io pm30 p26
73464.jpg,3,2,1,pl40 po,pn
73624.jpg,3,2,1,pl100 pne,pl60
73700.jpg,4,1,2,pl80,i5 pl40
73802.jpg,7,1,2,pn,i5 pr40
73956.jpg,2,2,1,p6 p26,p10
74020.jpg,2,1,2,pl20,pl5 pl30
74535.jpg,5,1,2,pl80,pl40 pl60
74646.jpg,3,1,2,po,pl20 p10
74668.jpg,4,1,2,pl60,pl40 p5
76228.jpg,2,0,3,,pn io io
76677.jpg,3,1,2,w13,pl70 w57
77147.jpg,6,1,2,i2,pn i5
77276.jpg,2,1,2,p3,p26 p10
7736.jpg,8,0,3,,p10 p11 po
77439.jpg,1,1,2,p19,p23 w57
77983.jpg,1,0,3,,p26 po po
78226.jpg,3,0,3,,io io pl50
78233.jpg,4,0,3,,pn p11 pl40
7857.jpg,2,2,1,io io,i5
79027.jpg,1,1,2,p3,pl5 p26
79058.jpg,4,0,3,,ph5 p12 p12
79125.jpg,2,0,3,,po po po
80246.jpg,2,1,2,pl30,pne pne
80265.jpg,5,1,2,p23,pl40 po
8031.jpg,1,1,2,p23,p26 p10
80471.jpg,3,2,1,w55 pn,w32
80692.jpg,1,1,2,p19,p5 pl40
81455.jpg,2,0,3,,po i4 ip
81478.jpg,2,1,2,pl5,ph5 po
82524.jpg,3,1,2,pne,pn pn
8266.jpg,5,3,0,pl50 po p11,
82793.jpg,3,1,2,pl50,pl40 p11
82925.jpg,3,0,3,,p11 pl40 i2
83422.jpg,5,1,2,pn,pne pl30
83528.jpg,2,1,2,pm20,pl40 i4
8355.jpg,3,1,2,p11,pl40 p26
83888.jpg,6,2,1,po i2,pn
84263.jpg,5,1,2,il60,il80 il100
84617.jpg,2,1,2,pm20,pl40 wo
84626.jpg,1,1,2,p12,po pn
85481.jpg,1,1,2,pm30,w13 pl40
87288.jpg,2,1,2,pl30,pn pl80
87338.jpg,4,3,0,pl40 p11 pn,
87682.jpg,2,2,1,w32 w32,w59
87685.jpg,4,2,1,i4 pl50,i5
88267.jpg,7,1,2,pl80,pn pl40
88619.jpg,4,1,2,pl60,po pl50
88735.jpg,3,1,2,pl30,po pl5
89239.jpg,3,1,2,pl20,pm20 pl40
89453.jpg,5,1,2,pl70,pl40 pl60
89987.jpg,4,2,1,p26 ph4.5,pl50
90420.jpg,2,2,1,w13 w57,w59
90424.jpg,6,1,2,p3,pm30 pl30
90960.jpg,8,0,3,,po io p6
90985.jpg,4,1,2,pl60,pl40 i5
91027.jpg,10,1,2,pne,pn pl80
91213.jpg,2,0,3,,pn i2 i4
91261.jpg,2,0,3,,i4 i4 i5
91683.jpg,6,1,2,pl30,pl50 pn
91814.jpg,6,1,2,pn,i5 pl30
92054.jpg,2,1,2,po,pl50 w57
92523.jpg,2,1,2,pl30,pl80 pl60
93504.jpg,6,2,1,pl50 p11,p23
9356.jpg,6,1,2,i2,pn i5
94063.jpg,2,1,2,p12,pl40 p12
94691.jpg,2,0,3,,wo pl60 w32
94833.jpg,4,1,2,p6,po pl50
94966.jpg,3,1,2,pl50,pne pl5
95135.jpg,3,2,1,p6 po,po
96053.jpg,2,0,3,,pn p11 pl40
96661.jpg,6,2,1,pl60 io,pl40
96726.jpg,3,1,2,po,pn pl50
97496.jpg,2,0,3,,p26 po po
97597.jpg,2,1,2,i2,pn i4
97707.jpg,2,1,2,pl80,pl40 pl60
97727.jpg,2,0,3,,pn p11 pl40
97779.jpg,2,0,3,,pn pl80 i5
98114.jpg,1,1,2,p23,p10 po
98157.jpg,2,1,2,pl30,pl50 pn
9823.jpg,8,2,1,i5 pl40,i4
98598.jpg,4,1,2,pl60,pl80 io
1012.jpg,4,1,1,p26,po
10175.jpg,2,1,1,p5,pn
10214.jpg,2,1,1,pl60,pl80
10377.jpg,1,0,2,,i5 pne
10593.jpg,1,1,1,w59,w57
10790.jpg,2,1,1,pl30,pn
11229.jpg,1,1,1,pm30,pl30
11535.jpg,2,1,1,p12,po
12000.jpg,2,0,2,,ph4 ph4.5
12001.jpg,2,1,1,i2,io
12186.jpg,3,2,0,p26 p11,
12604.jpg,4,0,2,,i4 i5
12614.jpg,12,0,2,,p3 p3
12661.jpg,1,1,1,pl50,pl30
12847.jpg,1,1,1,po,p26
12858.jpg,2,1,1,p3,po
13073.jpg,2,0,2,,pl40 pn
13471.jpg,2,1,1,pl100,pl80
13497.jpg,7,1,1,p11,i4
13869.jpg,2,1,1,pl50,pl40
13919.jpg,4,2,0,p26 ph4.5,
14558.jpg,3,1,1,po,p11
14724.jpg,8,2,0,p26 p11,
14823.jpg,2,2,0,w13 pl20,
15237.jpg,3,1,1,w55,w32
15366.jpg,2,1,1,p12,po
15375.jpg,5,1,1,pl50,pl40
1557.jpg,1,1,1,p10,p11
15645.jpg,2,1,1,w13,w57
15705.jpg,5,1,1,po,pn
1616.jpg,1,0,2,,pne i5
16243.jpg,1,0,2,,pn pn
16394.jpg,2,0,2,,wo pl60
16705.jpg,2,0,2,,i5 i5
17721.jpg,1,0,2,,pg pg
17779.jpg,2,1,1,pl30,pl50
17805.jpg,1,1,1,pl20,pl40
17879.jpg,1,1,1,pl5,pl40
17892.jpg,3,1,1,pne,pl40
17985.jpg,6,0,2,,io i2
18447.jpg,3,1,1,pl50,pl80
18503.jpg,2,1,1,p11,pl5
18667.jpg,3,1,1,w55,w57
18733.jpg,2,1,1,pl60,pl40
18839.jpg,1,1,1,w32,wo
18985.jpg,1,0,2,,pn pl80
19000.jpg,2,0,2,,i4 io
19339.jpg,1,1,1,ph4,i4
19452.jpg,1,1,1,w32,wo
19471.jpg,2,1,1,pl60,pl80
1951.jpg,4,2,0,pl40 pl60,
198.jpg,1,1,1,p10,pl5
20194.jpg,1,1,1,pl30,pl40
20347.jpg,1,0,2,,pl70 po
2105.jpg,7,0,2,,il100 il100
21216.jpg,2,0,2,,io io
21378.jpg,2,1,1,pn,pl5
21671.jpg,3,0,2,,pn p11
2170.jpg,4,1,1,pl60,pl40
21960.jpg,2,1,1,i4,pn
22219.jpg,4,1,1,pne,pne
22409.jpg,2,0,2,,i2 io
22415.jpg,5,1,1,pl50,pl40
22428.jpg,1,0,2,,ph4.5 po
2257.jpg,1,1,1,w32,wo
22748.jpg,5,1,1,pl50,pl40
22904.jpg,2,1,1,w13,pl70
22974.jpg,2,1,1,pl20,pl40
23198.jpg,3,0,2,,i5 pne
23475.jpg,3,0,2,,po p5
23840.jpg,2,1,1,p10,p26
23962.jpg,3,1,1,pl30,pl80
24138.jpg,2,1,1,pl30,pl80
24178.jpg,3,1,1,pl60,pl40
24258.jpg,1,1,1,wo,w55
24348.jpg,1,0,2,,po p11
24425.jpg,5,1,1,po,pn
2453.jpg,1,1,1,pl80,pl40
24611.jpg,1,1,1,po,p6
2468.jpg,3,0,2,,pne p27
24747.jpg,5,1,1,pl50,pl40
24931.jpg,2,0,2,,i2 io
25279.jpg,2,1,1,pm55,pl30
25333.jpg,2,2,0,pl5 p11,
25839.jpg,2,1,1,i2,i4
25883.jpg,2,0,2,,pne i5
26112.jpg,3,1,1,ph4,ph4.5
26127.jpg,4,0,2,,io pl40
26206.jpg,2,1,1,pl60,pl40
26234.jpg,3,2,0,i5 p26,
26515.jpg,2,1,1,pl30,pl5
26582.jpg,5,2,0,pl50 pn,
26615.jpg,3,0,2,,i5 p26
26710.jpg,2,0,2,,w59 pl60
26724.jpg,3,1,1,pl50,pm55
2706.jpg,1,1,1,pl60,pl40
27121.jpg,1,1,1,pne,io
27169.jpg,4,1,1,p5,pl80
27663.jpg,2,2,0,pl5 p11,
28195.jpg,2,1,1,w55,pl50
28197.jpg,2,0,2,,io io
28256.jpg,2,1,1,pl60,w59
28530.jpg,2,0,2,,io io
28661.jpg,1,0,2,,pl80 wo
29071.jpg,5,1,1,wo,w57
29082.jpg,1,1,1,pl100,pl40
29507.jpg,4,0,2,,pn pl40
29550.jpg,2,0,2,,p11 pn
29614.jpg,4,0,2,,io p12
29859.jpg,1,0,2,,w13 w57
29959.jpg,2,1,1,p11,p12
30029.jpg,8,1,1,pl50,ip
30077.jpg,2,2,0,wo pl80,
3027.jpg,2,0,2,,io io
30838.jpg,6,0,2,,il80 il60
3097.jpg,3,1,1,pl30,pl80
31007.jpg,2,1,1,p26,p23
31158.jpg,3,0,2,,po po
31262.jpg,2,0,2,,p10 po
31336.jpg,2,1,1,w13,pl70
31728.jpg,12,1,1,il60,il80
3174.jpg,4,0,2,,il60 il80
31765.jpg,5,1,1,pl50,pl40
31801.jpg,9,1,1,il60,il100
31816.jpg,2,1,1,pl30,pl80
31912.jpg,1,1,1,wo,pn
31990.jpg,3,2,0,pl5 po,
31998.jpg,3,2,0,p19 pl20,
32067.jpg,5,0,2,,ph4.5 pl30
32162.jpg,3,1,1,p11,pn
32277.jpg,4,1,1,po,pn
32521.jpg,4,1,1,pl80,pl100
32691.jpg,1,0,2,,pn pne
32942.jpg,1,0,2,,ph4.5 w57
32960.jpg,2,1,1,p11,po
32990.jpg,1,1,1,pl5,p10
33024.jpg,3,1,1,pl80,pl40
33106.jpg,5,0,2,,il80 pl80
34136.jpg,1,1,1,p27,po
34441.jpg,1,0,2,,wo pl5
3447.jpg,1,1,1,w55,w32
34605.jpg,5,1,1,po,pn
34729.jpg,1,1,1,pl60,pl40
34867.jpg,7,0,2,,io io
35089.jpg,6,2,0,po wo,
35157.jpg,2,1,1,p19,po
35422.jpg,4,1,1,pn,pl30
35603.jpg,1,1,1,pl30,pm30
36091.jpg,6,0,2,,pl80 il60
36185.jpg,6,0,2,,pl60 w59
36213.jpg,1,1,1,pl30,pm30
36302.jpg,1,1,1,pl30,pl40
36325.jpg,1,1,1,po,pl5
36465.jpg,4,1,1,pl50,i5
36477.jpg,4,1,1,p3,p11
36541.jpg,2,1,1,pl80,pn
36786.jpg,5,1,1,il80,il60
36793.jpg,1,1,1,p3,p26
37040.jpg,5,1,1,po,pn
37304.jpg,3,1,1,p10,po
37635.jpg,2,1,1,p12,pl30
37789.jpg,6,0,2,,pl40 i5
37910.jpg,1,0,2,,pn po
38142.jpg,3,0,2,,pl100 pl80
38167.jpg,4,1,1,p26,p10
38177.jpg,3,1,1,po,p10
38254.jpg,1,1,1,pm20,pl40
38365.jpg,2,1,1,i4,pne
38527.jpg,4,1,1,i5,ph4.5
38530.jpg,2,1,1,w13,w57
38609.jpg,1,1,1,p26,w59
38747.jpg,2,2,0,i5 io,
38990.jpg,1,1,1,p3,pn
39049.jpg,1,1,1,p11,po
39382.jpg,5,1,1,pl80,pl30
39591.jpg,5,1,1,pl50,pne
39610.jpg,4,1,1,p11,pm30
40043.jpg,4,0,2,,pn i2
40402.jpg,1,1,1,p23,pn
40588.jpg,9,0,2,,i2 i2
40879.jpg,9,0,2,,io io
4107.jpg,3,2,0,p26 pn,
41097.jpg,6,0,2,,io pl40
41129.jpg,6,2,0,w55 po,
41321.jpg,5,1,1,p11,po
41462.jpg,3,2,0,p5 i5,
41464.jpg,1,0,2,,w59 pn
42040.jpg,1,1,1,pl30,pl60
42223.jpg,2,0,2,,i2 i4
4232.jpg,1,0,2,,w59 w59
4233.jpg,5,1,1,pl30,pl60
42664.jpg,2,1,1,pl30,pn
42709.jpg,2,1,1,pl60,pn
42791.jpg,2,0,2,,io i2
42829.jpg,2,1,1,w55,pn
42891.jpg,3,2,0,pne pl50,
43136.jpg,2,1,1,w55,wo
43380.jpg,1,0,2,,pm20 pl70
44151.jpg,3,1,1,w55,pl50
4442.jpg,1,1,1,pm20,pl40
44678.jpg,1,1,1,pl60,pl80
44966.jpg,3,0,2,,ph5 po
45438.jpg,4,2,0,pl40 pl30,
45657.jpg,1,1,1,p23,p10
45703.jpg,3,2,0,po p11,
45777.jpg,5,1,1,pl80,pl40
45901.jpg,1,1,1,pm55,p26
45939.jpg,4,1,1,po,wo
46180.jpg,2,1,1,pl60,ip
46278.jpg,9,0,2,,pl100 il80
46346.jpg,4,2,0,pne p26,
46459.jpg,2,0,2,,pn pl40
46506.jpg,2,0,2,,w59 w57
46960.jpg,7,1,1,pl80,pl40
46989.jpg,1,1,1,ph4.5,ph5
46994.jpg,1,1,1,pm20,pl40
47057.jpg,2,0,2,,pn p11
4809.jpg,5,1,1,pl60,p11
48123.jpg,2,1,1,p11,pl40
48126.jpg,1,1,1,pl60,pl40
48184.jpg,3,1,1,pl80,pl40
48397.jpg,4,2,0,ph4 i4,
4849.jpg,5,1,1,pl60,p26
48536.jpg,1,0,2,,pg pl40
48586.jpg,2,0,2,,ip pl50
4863.jpg,5,2,0,pl80 p11,
48887.jpg,2,1,1,pl70,pl60
48965.jpg,8,2,0,pl80 po,
49063.jpg,1,0,2,,pn pn
4918.jpg,9,0,2,,io pn
49372.jpg,2,1,1,p19,p5
49474.jpg,3,0,2,,pl40 pl60
49490.jpg,3,2,0,pn p3,
49687.jpg,1,0,2,,pl30 pl50
4969.jpg,1,1,1,p10,p26
50075.jpg,2,0,2,,w57 w13
505.jpg,7,0,2,,io po
50549.jpg,2,1,1,wo,w32
51142.jpg,2,1,1,p11,po
51366.jpg,1,1,1,p12,pn
51519.jpg,1,1,1,pl100,pl80
51886.jpg,4,1,1,pl50,i5
5201.jpg,1,0,2,,pn pl80
52335.jpg,6,1,1,pm55,p11
52491.jpg,3,1,1,pl80,pl60
52497.jpg,5,1,1,po,pn
52667.jpg,9,0,2,,pl100 il60
52682.jpg,3,0,2,,pne i4
5282.jpg,6,0,2,,pn p10
5288.jpg,3,1,1,p6,po
52893.jpg,2,1,1,pg,ip
53149.jpg,1,0,2,,pl80 w59
53468.jpg,3,2,0,po p11,
53526.jpg,2,0,2,,pne i5
53800.jpg,1,0,2,,io pg
53912.jpg,3,1,1,w55,wo
53944.jpg,7,1,1,il80,il100
54036.jpg,5,1,1,pl80,pl60
54085.jpg,2,1,1,pl30,pl60
54267.jpg,3,0,2,,pm30 po
54525.jpg,6,1,1,il60,il100
54528.jpg,2,0,2,,wo pl60
5468.jpg,1,0,2,,p10 io
54749.jpg,4,0,2,,i5 pl40
54874.jpg,3,0,2,,p12 p11
54934.jpg,1,1,1,pl60,pl40
54944.jpg,1,0,2,,w59 p5
55385.jpg,2,1,1,pl60,pl40
55540.jpg,6,2,0,pl60 pm20,
55869.jpg,5,1,1,pl50,pl40
55943.jpg,5,1,1,p11,pl50
56214.jpg,1,1,1,pl80,pl50
56248.jpg,1,1,1,pm55,pl50
56360.jpg,7,1,1,i2,io
56477.jpg,2,1,1,pl5,pne
56649.jpg,4,1,1,pl50,pl40
5672.jpg,2,0,2,,pl40 i5
56737.jpg,7,1,1,pl80,pl40
56763.jpg,5,2,0,i5 pl50,
5682.jpg,2,0,2,,io pl50
57018.jpg,5,1,1,pl40,pl50
5715.jpg,2,0,2,,il60 pl100
57363.jpg,1,1,1,pl80,pl60
57689.jpg,5,1,1,pl50,pn
58008.jpg,3,2,0,p11 pn,
58029.jpg,2,1,1,pl30,w13
58223.jpg,5,1,1,pl50,pl40
58247.jpg,5,1,1,pl50,pl40
58250.jpg,3,0,2,,pn p11
58604.jpg,2,1,1,p23,p5
58781.jpg,4,0,2,,pl70 pm20
58828.jpg,2,0,2,,pn pl60
58835.jpg,3,0,2,,ph5 p6
58878.jpg,1,1,1,w32,wo
59240.jpg,1,1,1,pl60,pl80
59252.jpg,4,0,2,,ph5 p19
59301.jpg,4,0,2,,pn pn
5937.jpg,3,0,2,,pl40 i5
59471.jpg,2,0,2,,pn pn
59515.jpg,4,1,1,p12,po
59623.jpg,1,1,1,w32,wo
59798.jpg,5,1,1,pl50,pl40
5992.jpg,4,1,1,i2,io
59978.jpg,2,1,1,pl70,io
59980.jpg,2,1,1,po,pl60
6008.jpg,2,1,1,po,pl60
60209.jpg,2,1,1,pl80,pl30
60251.jpg,3,1,1,pl50,pl80
60380.jpg,3,1,1,pl60,pl80
60522.jpg,5,2,0,w55 pl30,
60637.jpg,4,1,1,wo,w13
60737.jpg,1,0,2,,pn pl80
60928.jpg,3,2,0,p26 p10,
61747.jpg,1,1,1,pl30,pl60
61770.jpg,4,1,1,pl50,pl40
61811.jpg,3,1,1,p11,po
61956.jpg,3,2,0,w55 pl30,
62019.jpg,1,1,1,pl20,pl70
62077.jpg,1,0,2,,p11 pl5
62157.jpg,2,2,0,pl5 ph5,
62161.jpg,4,2,0,ph5 pne,
62167.jpg,1,0,2,,pne io
62236.jpg,1,0,2,,i5 i2
62430.jpg,2,1,1,pl50,pl30
62540.jpg,1,1,1,pm20,pl20
62596.jpg,4,1,1,pne,pne
62713.jpg,3,2,0,wo po,
62818.jpg,4,0,2,,po po
63084.jpg,1,0,2,,w59 w59
63120.jpg,3,0,2,,pl40 pl40
6352.jpg,4,1,1,pl50,i5
63555.jpg,1,1,1,pl100,pl40
63702.jpg,5,1,1,pl70,pl60
63994.jpg,1,0,2,,wo wo
64143.jpg,3,1,1,ip,pl50
64412.jpg,2,0,2,,ip pl70
64423.jpg,1,1,1,w32,wo
6444.jpg,2,1,1,w13,w57
64497.jpg,2,1,1,io,i4
64554.jpg,2,2,0,po wo,
64719.jpg,1,1,1,pl50,w59
65016.jpg,3,0,2,,p10 w57
65142.jpg,7,1,1,pl50,i4
65419.jpg,2,1,1,pl60,pl40
65423.jpg,2,0,2,,i2 pg
65428.jpg,2,1,1,pm30,pl40
65708.jpg,2,0,2,,pn pl30
65749.jpg,3,1,1,pl80,pl40
65857.jpg,2,1,1,pl60,pl40
662.jpg,5,1,1,pl50,pl40
66398.jpg,2,0,2,,w59 w59
66884.jpg,1,1,1,pl30,pl100
67033.jpg,5,1,1,pl50,pl40
67262.jpg,3,1,1,pl40,pl5
67396.jpg,2,0,2,,i5 pne
6764.jpg,2,0,2,,pl80 pl5
67682.jpg,1,1,1,po,p10
67754.jpg,6,0,2,,p11 pl40
67855.jpg,1,1,1,w55,w57
67987.jpg,2,0,2,,pl5 i2
68353.jpg,5,0,2,,i2 pl60
68462.jpg,1,1,1,pl40,pm30
68714.jpg,4,0,2,,pne pne
6875.jpg,1,1,1,p23,po
68775.jpg,2,1,1,pl30,po
6892.jpg,3,1,1,po,ph4
69096.jpg,1,1,1,p26,p10
69321.jpg,1,1,1,i4,w59
69413.jpg,11,1,1,pl20,pl5
69482.jpg,2,1,1,pl50,pl5
69609.jpg,2,2,0,pl80 pl60,
69658.jpg,5,1,1,pl80,pl40
69725.jpg,1,1,1,p6,po
69963.jpg,1,1,1,p10,p23
701.jpg,1,1,1,pl60,pl80
70439.jpg,1,0,2,,w59 w59
70707.jpg,3,1,1,pl80,pl60
71017.jpg,3,1,1,w57,pl5
71208.jpg,7,1,1,pl80,pl50
71290.jpg,3,0,2,,pl40 p11
71412.jpg,3,1,1,pl60,pl40
71839.jpg,1,0,2,,pl70 pm20
72078.jpg,8,1,1,pl80,pl40
72108.jpg,2,1,1,pl20,pl40
72200.jpg,6,2,0,pl70 pl50,
723.jpg,1,0,2,,ph4.5 ph4
72694.jpg,8,1,1,ph4,pl100
72737.jpg,5,0,2,,p12 p10
72895.jpg,5,1,1,pl60,p26
72960.jpg,5,1,1,p11,pl50
7331.jpg,4,0,2,,po po
73390.jpg,1,0,2,,pn p11
74148.jpg,2,0,2,,io p3
74243.jpg,3,1,1,i4,ph4.5
74480.jpg,1,1,1,p27,po
74806.jpg,1,0,2,,p5 p5
74872.jpg,1,1,1,pl50,pl60
75227.jpg,1,0,2,,pg wo
75448.jpg,1,0,2,,i5 pl60
75494.jpg,3,1,1,pl30,pl40
75547.jpg,4,1,1,i5,pm20
75564.jpg,2,0,2,,pl30 pl60
75607.jpg,1,1,1,p12,p11
7622.jpg,4,2,0,po po,
76329.jpg,3,1,1,ph4,po
76568.jpg,3,2,0,p5 i5,
76619.jpg,1,0,2,,wo w32
76675.jpg,2,0,2,,io io
76858.jpg,1,0,2,,pl20 pl60
77344.jpg,1,1,1,pr40,pl40
77475.jpg,1,0,2,,io pl5
77713.jpg,3,2,0,pl40 pl40,
77910.jpg,2,2,0,w13 pl50,
77988.jpg,6,1,1,pl30,pne
78061.jpg,3,1,1,pl60,io
78307.jpg,1,0,2,,w59 w59
78340.jpg,2,0,2,,w59 w59
78472.jpg,5,1,1,p11,p11
78552.jpg,2,1,1,pl60,pl40
78624.jpg,4,0,2,,i2 pn
78923.jpg,1,0,2,,wo w32
79332.jpg,2,2,0,pl60 w57,
79441.jpg,4,1,1,pl60,pl40
79487.jpg,3,2,0,pl60 pm55,
79559.jpg,4,1,1,pne,p5
80124.jpg,3,2,0,ph4.5 ph4.5,
80188.jpg,2,1,1,p26,p10
80239.jpg,2,0,2,,pl5 pl5
80391.jpg,2,1,1,p23,p19
80394.jpg,3,0,2,,p26 pl80
80416.jpg,2,1,1,pl30,pl80
80622.jpg,4,0,2,,p26 po
80709.jpg,9,0,2,,pl80 pl100
80910.jpg,4,2,0,pl50 p11,
81148.jpg,2,0,2,,pl5 p11
81302.jpg,1,1,1,p19,p5
81412.jpg,3,1,1,po,ph5
81595.jpg,3,1,1,i2,io
83172.jpg,2,0,2,,p11 pl60
83194.jpg,4,1,1,pm55,ph4.5
83195.jpg,7,1,1,i4,i2
83470.jpg,1,0,2,,io pl5
83499.jpg,1,0,2,,p10 po
8371.jpg,5,1,1,pl40,i5
83918.jpg,1,1,1,po,po
83944.jpg,5,2,0,pn p11,
83985.jpg,2,1,1,p5,w59
84003.jpg,2,0,2,,pl100 pl40
84252.jpg,6,1,1,i5,i5
84269.jpg,1,1,1,pl30,pl5
84293.jpg,1,0,2,,pn w59
84327.jpg,5,1,1,pl50,pl40
84332.jpg,2,0,2,,w59 w57
84476.jpg,3,0,2,,p11 pl80
8458.jpg,2,1,1,po,p11
84669.jpg,2,1,1,pl60,pm30
84673.jpg,2,0,2,,p23 io
84783.jpg,6,1,1,il80,il60
84957.jpg,2,1,1,pl50,pl40
85076.jpg,5,0,2,,p27 p26
85211.jpg,2,0,2,,io io
85278.jpg,1,1,1,pl5,pm55
8557.jpg,2,1,1,pl40,pn
85685.jpg,2,1,1,pm20,pl40
85881.jpg,3,1,1,io,pl60
86042.jpg,1,0,2,,p26 po
86090.jpg,1,1,1,pl60,pl40
86245.jpg,9,0,2,,io pl70
86506.jpg,5,1,1,pl50,pl30
86532.jpg,3,0,2,,pl40 ip
86596.jpg,5,0,2,,pl50 pn
8661.jpg,4,1,1,pl60,pl80
86665.jpg,5,0,2,,pn pl40
86812.jpg,4,0,2,,po po
87701.jpg,1,1,1,i2,io
87800.jpg,1,0,2,,pg w59
87862.jpg,5,1,1,p11,pl50
88140.jpg,2,1,1,pl80,pl40
88853.jpg,3,1,1,pm30,pl70
89003.jpg,1,1,1,p11,pm30
89092.jpg,5,1,1,pl80,pl40
89137.jpg,2,1,1,pl60,pl50
89367.jpg,1,0,2,,io io
8939.jpg,1,1,1,p23,p10
8961.jpg,2,1,1,pne,i5
89691.jpg,1,1,1,w32,wo
89739.jpg,5,2,0,p10 p5,
89759.jpg,2,1,1,po,pl50
89812.jpg,1,1,1,p23,po
90209.jpg,5,1,1,p11,pl60
90521.jpg,1,1,1,pl80,pl60
91207.jpg,6,1,1,pl50,pne
91397.jpg,1,1,1,p19,po
91465.jpg,1,1,1,pl120,pl60
92152.jpg,4,0,2,,io pl60
9231.jpg,2,0,2,,pne pne
92382.jpg,5,1,1,pl30,pl40
92456.jpg,2,1,1,i2,io
92478.jpg,4,1,1,pl20,pl50
92673.jpg,2,1,1,pl60,pl30
93127.jpg,2,0,2,,p11 pn
93709.jpg,1,0,2,,w32 wo
93888.jpg,1,1,1,pl60,pl30
9399.jpg,2,2,0,w13 pl20,
94015.jpg,1,0,2,,p26 ph5
94206.jpg,2,1,1,pl20,pl40
94481.jpg,2,1,1,po,p26
94620.jpg,2,0,2,,io io
94686.jpg,1,1,1,pl20,pl40
94688.jpg,3,1,1,i2,io
94811.jpg,1,1,1,p3,p26
94893.jpg,4,1,1,w13,w57
94910.jpg,3,1,1,ip,i5
94932.jpg,5,2,0,i5 ph4,
94958.jpg,2,1,1,pl50,pn
95018.jpg,5,1,1,pl50,pl40
95377.jpg,2,1,1,p3,p11
95500.jpg,7,1,1,pl80,pl50
95658.jpg,1,1,1,io,i2
95780.jpg,1,1,1,pl100,pl80
96011.jpg,1,0,2,,w57 w13
96069.jpg,7,1,1,pl50,pl40
96188.jpg,2,1,1,pl30,pl80
96461.jpg,2,1,1,pne,pl30
96667.jpg,1,0,2,,pl5 p11
96754.jpg,1,1,1,pn,w59
96802.jpg,2,1,1,pl30,pl80
97222.jpg,2,0,2,,i2 pn
97426.jpg,7,1,1,p11,i4
97776.jpg,3,0,2,,io ph4.5
97811.jpg,3,2,0,pl50 pn,
97889.jpg,2,1,1,p10,p26
98237.jpg,1,0,2,,i5 io
98318.jpg,3,2,0,w55 pl40,
9852.jpg,1,1,1,p23,w59
98551.jpg,2,0,2,,pn i2
98785.jpg,3,1,1,po,p11
9967.jpg,3,0,2,,p5 i5
1031.jpg,5,0,1,,i5
10426.jpg,2,0,1,,pne
10434.jpg,1,0,1,,pl60
10446.jpg,3,0,1,,io
10496.jpg,4,0,1,,i4
10502.jpg,5,0,1,,pl60
10705.jpg,6,0,1,,il100
10820.jpg,2,0,1,,pl30
10939.jpg,1,0,1,,pl80
10956.jpg,1,0,1,,pg
1113.jpg,1,0,1,,pl40
11251.jpg,1,0,1,,w59
11403.jpg,1,0,1,,w59
1191.jpg,3,0,1,,pl30
12004.jpg,3,0,1,,pl60
12198.jpg,1,0,1,,pn
12339.jpg,3,1,0,i5,
12420.jpg,2,0,1,,pl80
12503.jpg,1,0,1,,pl60
12529.jpg,5,0,1,,pl60
12883.jpg,2,0,1,,w32
12957.jpg,1,1,0,po,
13012.jpg,1,1,0,w32,
13083.jpg,3,1,0,w55,
13098.jpg,3,1,0,pn,
13101.jpg,1,0,1,,ph4
13119.jpg,1,1,0,pm20,
13274.jpg,4,0,1,,il60
13627.jpg,1,1,0,pl20,
13701.jpg,2,0,1,,i5
138.jpg,2,1,0,pl30,
13802.jpg,5,1,0,i2,
13917.jpg,1,1,0,pl20,
13931.jpg,1,1,0,io,
13942.jpg,4,0,1,,pr40
13987.jpg,1,0,1,,wo
14012.jpg,1,1,0,ph4.5,
14092.jpg,4,0,1,,pn
14154.jpg,1,0,1,,p11
14391.jpg,1,0,1,,p26
14614.jpg,2,1,0,w13,
14966.jpg,1,0,1,,pl20
15023.jpg,1,1,0,pl40,
1510.jpg,1,0,1,,pl50
15159.jpg,1,1,0,pl5,
15497.jpg,2,0,1,,wo
15520.jpg,4,0,1,,pl40
15570.jpg,1,0,1,,p5
15642.jpg,1,0,1,,p23
1569.jpg,2,0,1,,pl80
15905.jpg,1,0,1,,i5
16184.jpg,2,0,1,,pn
16219.jpg,2,1,0,p10,
16379.jpg,2,1,0,ph4,
16484.jpg,1,1,0,po,
16489.jpg,1,1,0,p10,
16686.jpg,5,1,0,pl50,
16813.jpg,1,0,1,,io
16840.jpg,3,0,1,,p5
16842.jpg,2,1,0,w55,
17256.jpg,1,1,0,wo,
1731.jpg,3,0,1,,i5
17370.jpg,3,0,1,,io
17389.jpg,2,1,0,ip,
1747.jpg,4,1,0,ip,
17589.jpg,1,0,1,,i5
17638.jpg,1,0,1,,io
17806.jpg,1,0,1,,io
17897.jpg,1,1,0,wo,
1792.jpg,3,1,0,po,
17924.jpg,2,0,1,,pn
17947.jpg,1,0,1,,w57
17968.jpg,4,0,1,,io
17971.jpg,1,0,1,,pn
18096.jpg,2,0,1,,pl60
18130.jpg,2,1,0,w32,
18192.jpg,1,0,1,,po
18197.jpg,1,0,1,,wo
18319.jpg,1,1,0,pl30,
18390.jpg,3,0,1,,pg
18397.jpg,4,1,0,w55,
18408.jpg,3,1,0,pl50,
18605.jpg,8,1,0,p11,
18656.jpg,2,0,1,,pl5
1883.jpg,4,1,0,pl50,
18889.jpg,1,0,1,,wo
1905.jpg,2,0,1,,pl30
19082.jpg,1,0,1,,ph4
19325.jpg,4,1,0,pl5,
1935.jpg,3,0,1,,p11
19485.jpg,2,0,1,,pl60
19691.jpg,2,0,1,,pl30
19711.jpg,1,1,0,pl50,
19713.jpg,8,0,1,,io
19862.jpg,2,1,0,pl60,
19871.jpg,2,0,1,,pl80
2.jpg,6,1,0,il80,
2007.jpg,2,0,1,,pne
20566.jpg,5,1,0,pl30,
20600.jpg,3,1,0,pl50,
20774.jpg,4,0,1,,wo
20942.jpg,5,0,1,,pl40
20968.jpg,5,1,0,po,
20974.jpg,3,0,1,,pl30
20986.jpg,7,0,1,,io
21094.jpg,1,0,1,,wo
21290.jpg,7,0,1,,ph5
21294.jpg,4,0,1,,pl80
21427.jpg,3,1,0,w55,
21588.jpg,2,0,1,,pne
21683.jpg,1,0,1,,pl60
21723.jpg,1,0,1,,p11
21774.jpg,2,1,0,p10,
21919.jpg,3,0,1,,i5
22006.jpg,1,0,1,,w55
22037.jpg,2,0,1,,pn
22075.jpg,2,1,0,w59,
22183.jpg,5,0,1,,pl60
22212.jpg,2,0,1,,pm30
22312.jpg,1,1,0,w55,
22599.jpg,8,1,0,pl40,
22682.jpg,1,0,1,,w59
22779.jpg,1,1,0,p5,
2298.jpg,5,0,1,,io
23088.jpg,5,1,0,w32,
23140.jpg,6,1,0,po,
23204.jpg,2,0,1,,pl30
23926.jpg,1,1,0,po,
24196.jpg,1,0,1,,pl60
24328.jpg,1,1,0,p5,
2443.jpg,4,0,1,,po
24448.jpg,4,1,0,pr40,
24658.jpg,1,0,1,,p5
24661.jpg,1,1,0,w57,
25058.jpg,3,0,1,,pl50
25200.jpg,1,1,0,w57,
25296.jpg,2,1,0,pl80,
25451.jpg,1,0,1,,pl50
25555.jpg,1,0,1,,ph5
25588.jpg,1,1,0,p10,
25647.jpg,4,0,1,,po
25815.jpg,1,0,1,,pl5
26151.jpg,1,0,1,,p5
26176.jpg,1,1,0,ip,
2624.jpg,1,0,1,,w13
26325.jpg,4,0,1,,pl40
26628.jpg,3,0,1,,io
26682.jpg,1,0,1,,pn
26789.jpg,1,0,1,,pn
26987.jpg,1,0,1,,pl60
27083.jpg,2,1,0,p23,
2717.jpg,1,0,1,,pl5
27237.jpg,4,0,1,,i5
27273.jpg,1,0,1,,pl80
2736.jpg,3,1,0,ip,
27510.jpg,1,0,1,,pl80
27645.jpg,3,1,0,pl80,
2777.jpg,1,1,0,po,
27865.jpg,4,1,0,p11,
27983.jpg,2,0,1,,io
28009.jpg,3,1,0,pl80,
28154.jpg,2,0,1,,po
28172.jpg,1,1,0,pm20,
28390.jpg,1,0,1,,po
28408.jpg,1,0,1,,pl60
28425.jpg,2,1,0,pm20,
28988.jpg,1,1,0,pl40,
29002.jpg,5,1,0,p11,
29008.jpg,3,1,0,pl50,
29033.jpg,2,0,1,,p27
29318.jpg,1,0,1,,p27
29439.jpg,1,1,0,w32,
29618.jpg,6,1,0,pl5,
29714.jpg,2,0,1,,w59
29849.jpg,5,1,0,i5,
29875.jpg,3,1,0,pl40,
29886.jpg,1,0,1,,p11
29908.jpg,1,1,0,pl5,
29926.jpg,1,0,1,,po
29998.jpg,8,0,1,,il80
3028.jpg,2,0,1,,pg
30363.jpg,1,0,1,,pr40
30690.jpg,1,1,0,po,
30790.jpg,1,0,1,,pl60
31005.jpg,5,1,0,p11,
31077.jpg,1,0,1,,p10
31164.jpg,1,0,1,,p26
31445.jpg,2,0,1,,i5
31516.jpg,5,0,1,,pn
31641.jpg,2,1,0,pl30,
31643.jpg,1,0,1,,pn
31752.jpg,2,1,0,pne,
31826.jpg,1,0,1,,pl60
321.jpg,3,0,1,,io
32356.jpg,5,1,0,pl50,
3236.jpg,5,0,1,,ph5
32717.jpg,1,0,1,,ph4.5
32920.jpg,5,1,0,w55,
3299.jpg,3,0,1,,io
33075.jpg,2,0,1,,i5
33162.jpg,1,0,1,,pn
33182.jpg,2,0,1,,pl40
33187.jpg,2,1,0,pl40,
33237.jpg,1,0,1,,pl30
33351.jpg,1,0,1,,p19
33714.jpg,1,1,0,p10,
33807.jpg,1,1,0,pm55,
33902.jpg,2,0,1,,w32
33913.jpg,1,0,1,,p5
33967.jpg,3,0,1,,io
34063.jpg,1,0,1,,pne
34126.jpg,1,0,1,,pn
34363.jpg,1,0,1,,p5
34501.jpg,1,1,0,w59,
3452.jpg,2,0,1,,w57
34525.jpg,1,0,1,,io
34623.jpg,2,0,1,,pl40
34636.jpg,1,1,0,io,
3465.jpg,1,0,1,,io
34771.jpg,5,0,1,,po
34778.jpg,2,1,0,pl30,
34962.jpg,2,0,1,,i2
34974.jpg,1,0,1,,w57
35034.jpg,2,1,0,p3,
35161.jpg,9,0,1,,il60
35205.jpg,1,0,1,,pr40
35404.jpg,1,0,1,,io
35408.jpg,3,0,1,,pl60
35419.jpg,2,1,0,p23,
35655.jpg,5,0,1,,p26
35693.jpg,1,0,1,,po
35743.jpg,5,0,1,,pn
35881.jpg,1,0,1,,po
3589.jpg,2,1,0,pn,
36107.jpg,2,0,1,,w57
36140.jpg,1,1,0,wo,
36452.jpg,1,0,1,,pl80
36466.jpg,2,1,0,p23,
36546.jpg,2,0,1,,pl40
36550.jpg,5,1,0,pl50,
36686.jpg,2,1,0,pl40,
36756.jpg,3,0,1,,w55
36836.jpg,1,0,1,,po
36902.jpg,2,0,1,,pl80
3691.jpg,2,0,1,,io
36966.jpg,5,0,1,,ip
37038.jpg,1,0,1,,pl20
37104.jpg,6,1,0,pl60,
37124.jpg,3,0,1,,i5
37468.jpg,1,0,1,,po
37500.jpg,2,0,1,,w55
37771.jpg,1,1,0,w57,
37836.jpg,1,0,1,,ph4.5
37862.jpg,1,0,1,,pl30
38022.jpg,1,0,1,,wo
38030.jpg,5,0,1,,p11
38052.jpg,1,1,0,w32,
38108.jpg,2,0,1,,ph5
38175.jpg,4,0,1,,pl80
38273.jpg,3,1,0,p11,
38371.jpg,1,1,0,w57,
38486.jpg,2,0,1,,pn
38711.jpg,2,1,0,pl80,
38723.jpg,1,0,1,,pl40
3913.jpg,1,1,0,pg,
39375.jpg,1,1,0,pl50,
39470.jpg,1,0,1,,pl30
39475.jpg,3,1,0,w13,
39565.jpg,4,1,0,w55,
39663.jpg,1,0,1,,w57
39681.jpg,1,0,1,,pl80
39839.jpg,2,0,1,,p23
40087.jpg,2,0,1,,p10
40320.jpg,1,0,1,,w59
40890.jpg,2,0,1,,pn
40935.jpg,1,0,1,,w57
41052.jpg,5,0,1,,pl60
41163.jpg,1,0,1,,pl80
41368.jpg,2,1,0,pm55,
41415.jpg,4,0,1,,wo
41460.jpg,4,0,1,,ph4
41523.jpg,1,1,0,pr40,
41585.jpg,1,1,0,p5,
41626.jpg,5,1,0,p11,
41747.jpg,2,1,0,po,
41771.jpg,1,0,1,,po
42108.jpg,1,0,1,,i5
42260.jpg,1,1,0,pne,
4227.jpg,1,1,0,p11,
4256.jpg,8,0,1,,io
42883.jpg,1,1,0,pne,
43004.jpg,1,0,1,,pl30
43134.jpg,1,0,1,,pr40
43196.jpg,2,0,1,,pl5
43393.jpg,1,0,1,,w55
4342.jpg,3,0,1,,pl80
43598.jpg,5,0,1,,pne
43600.jpg,3,0,1,,i5
43766.jpg,1,0,1,,pn
43778.jpg,1,1,0,p10,
43856.jpg,1,1,0,pm55,
43929.jpg,1,0,1,,po
44235.jpg,1,1,0,p23,
44295.jpg,1,0,1,,pg
44448.jpg,2,0,1,,po
44609.jpg,1,1,0,pl40,
44680.jpg,2,0,1,,pn
44708.jpg,2,1,0,pl60,
44758.jpg,2,0,1,,pn
45046.jpg,1,0,1,,po
45290.jpg,4,0,1,,pn
4541.jpg,2,0,1,,pr40
45641.jpg,2,0,1,,w59
45767.jpg,3,1,0,pl80,
45839.jpg,1,0,1,,po
46211.jpg,3,0,1,,io
46266.jpg,1,0,1,,ip
46292.jpg,1,0,1,,pn
46341.jpg,3,0,1,,pl50
46591.jpg,2,1,0,pl40,
46674.jpg,4,0,1,,i4
46818.jpg,2,1,0,pl80,
47022.jpg,1,1,0,w13,
47168.jpg,3,0,1,,pl70
47234.jpg,2,0,1,,io
47467.jpg,1,0,1,,io
47787.jpg,2,1,0,p23,
47910.jpg,5,0,1,,po
47989.jpg,1,0,1,,pne
48135.jpg,2,1,0,p11,
48162.jpg,1,1,0,p5,
48200.jpg,1,0,1,,pl5
48260.jpg,6,0,1,,il60
48307.jpg,1,0,1,,po
48406.jpg,3,0,1,,pn
48540.jpg,5,0,1,,pl50
48622.jpg,1,0,1,,w59
48757.jpg,1,0,1,,pm55
48857.jpg,1,1,0,i2,
48869.jpg,5,0,1,,il100
49013.jpg,2,0,1,,pn
49049.jpg,4,0,1,,il80
49124.jpg,1,0,1,,pne
49166.jpg,2,0,1,,io
4917.jpg,1,0,1,,ph4.5
49257.jpg,1,0,1,,p10
49284.jpg,3,1,0,p23,
49382.jpg,1,1,0,pl30,
49537.jpg,2,1,0,pl20,
49699.jpg,2,1,0,pl40,
49763.jpg,5,1,0,p11,
4997.jpg,6,0,1,,pl100
5051.jpg,1,0,1,,wo
50625.jpg,2,1,0,pl80,
50648.jpg,6,1,0,p26,
50756.jpg,6,0,1,,io
50796.jpg,2,0,1,,pl60
5080.jpg,2,0,1,,pl80
50937.jpg,2,0,1,,i5
51076.jpg,1,0,1,,pl60
51115.jpg,2,0,1,,pm30
51123.jpg,1,0,1,,pn
51290.jpg,6,0,1,,pl40
51389.jpg,2,0,1,,pl30
51434.jpg,2,0,1,,i2
51435.jpg,1,1,0,p23,
51564.jpg,2,0,1,,p5
51572.jpg,2,0,1,,pl30
51584.jpg,1,0,1,,p26
51633.jpg,2,0,1,,pne
51753.jpg,3,0,1,,w57
51859.jpg,2,1,0,pl30,
52127.jpg,2,0,1,,pl40
52240.jpg,1,1,0,pl30,
52255.jpg,1,0,1,,pl40
52511.jpg,2,0,1,,pl70
5257.jpg,3,0,1,,pl60
52988.jpg,3,0,1,,pne
53027.jpg,1,0,1,,i5
5313.jpg,1,0,1,,p23
53214.jpg,2,1,0,p11,
53304.jpg,9,0,1,,il100
5345.jpg,2,0,1,,pn
53459.jpg,2,0,1,,pl60
53566.jpg,1,0,1,,pl50
53722.jpg,4,0,1,,pl60
53772.jpg,1,1,0,pm20,
54022.jpg,1,0,1,,pn
54091.jpg,6,1,0,pl40,
54093.jpg,3,0,1,,po
54607.jpg,3,1,0,pl70,
54864.jpg,2,1,0,pl30,
54930.jpg,1,1,0,pl20,
55021.jpg,1,0,1,,pn
55125.jpg,1,0,1,,pl40
55432.jpg,1,1,0,ip,
55631.jpg,2,0,1,,pl40
55730.jpg,1,1,0,io,
55792.jpg,1,0,1,,p23
55813.jpg,2,0,1,,i5
55865.jpg,2,0,1,,p23
56010.jpg,2,0,1,,pl80
56320.jpg,1,0,1,,p10
56350.jpg,5,0,1,,pl60
56374.jpg,6,1,0,pl50,
56651.jpg,2,1,0,pl80,
56741.jpg,1,0,1,,pl80
57142.jpg,1,1,0,po,
57153.jpg,4,1,0,w55,
5728.jpg,2,0,1,,pn
57437.jpg,2,0,1,,pl60
57488.jpg,2,0,1,,p26
57515.jpg,2,1,0,pl50,
57526.jpg,2,0,1,,pl80
57768.jpg,3,1,0,w13,
57995.jpg,3,1,0,p12,
58030.jpg,2,1,0,ph4,
58184.jpg,1,1,0,pn,
58194.jpg,9,0,1,,io
58303.jpg,7,1,0,p11,
5836.jpg,5,1,0,pl50,
58436.jpg,1,0,1,,pn
58660.jpg,3,1,0,po,
5886.jpg,1,0,1,,ip
58900.jpg,1,0,1,,p26
59005.jpg,2,1,0,pl30,
59155.jpg,1,0,1,,w59
59327.jpg,2,0,1,,pl40
59347.jpg,1,0,1,,ph5
59384.jpg,3,0,1,,pn
59745.jpg,1,0,1,,io
5998.jpg,2,0,1,,io
60241.jpg,1,0,1,,w59
60572.jpg,4,0,1,,io
60583.jpg,2,0,1,,pl60
60655.jpg,1,0,1,,po
60678.jpg,2,1,0,pl80,
60750.jpg,5,1,0,po,
60784.jpg,5,0,1,,ph5
60801.jpg,1,0,1,,pm55
61039.jpg,1,0,1,,pl40
61176.jpg,4,1,0,pl50,
61231.jpg,2,1,0,w55,
61275.jpg,3,0,1,,pl50
61377.jpg,5,1,0,pl50,
6140.jpg,2,0,1,,pl50
61524.jpg,5,0,1,,pl40
61672.jpg,4,0,1,,p11
61960.jpg,1,0,1,,pl20
62036.jpg,7,0,1,,po
62199.jpg,1,1,0,p10,
62599.jpg,2,0,1,,pn
62725.jpg,2,0,1,,pl50
62806.jpg,3,0,1,,w57
62847.jpg,1,0,1,,p23
62981.jpg,1,0,1,,io
63045.jpg,2,0,1,,pl5
63264.jpg,6,1,0,pl50,
63303.jpg,1,0,1,,ip
63574.jpg,2,1,0,w13,
63681.jpg,1,0,1,,io
63786.jpg,2,0,1,,io
63913.jpg,1,1,0,pl80,
63915.jpg,2,1,0,w55,
640.jpg,1,0,1,,p26
64086.jpg,2,1,0,pl40,
64120.jpg,1,1,0,pm20,
64190.jpg,3,0,1,,pn
64208.jpg,2,1,0,pl80,
64226.jpg,1,1,0,pm20,
64248.jpg,2,1,0,pl60,
64488.jpg,2,0,1,,i5
64670.jpg,4,0,1,,pl60
64752.jpg,3,0,1,,pn
65052.jpg,3,1,0,pl40,
65096.jpg,5,1,0,i5,
65138.jpg,2,1,0,pl20,
65179.jpg,2,0,1,,pl70
65242.jpg,1,0,1,,pn
65285.jpg,4,0,1,,pl60
6567.jpg,1,0,1,,pm20
65776.jpg,1,0,1,,pm20
65858.jpg,1,0,1,,pl80
6599.jpg,2,1,0,i5,
66010.jpg,2,1,0,pn,
66056.jpg,5,1,0,w32,
66117.jpg,3,1,0,pl40,
66415.jpg,2,1,0,pr40,
66449.jpg,2,0,1,,p12
66834.jpg,4,1,0,il60,
6688.jpg,3,1,0,pl80,
6704.jpg,4,1,0,i5,
67272.jpg,1,0,1,,pl30
67316.jpg,3,1,0,pl40,
67372.jpg,1,1,0,p5,
67638.jpg,5,0,1,,pn
6769.jpg,1,1,0,ip,
67753.jpg,6,1,0,p23,
67997.jpg,3,1,0,p3,
68054.jpg,1,0,1,,pl5
68109.jpg,3,0,1,,po
68191.jpg,5,1,0,pl30,
68228.jpg,3,0,1,,po
68359.jpg,2,0,1,,w59
68419.jpg,1,0,1,,pl40
68430.jpg,3,0,1,,pn
68501.jpg,1,0,1,,p5
68678.jpg,4,0,1,,ph4.5
68855.jpg,2,0,1,,pn
68870.jpg,2,0,1,,pl80
69296.jpg,3,0,1,,pl30
6947.jpg,1,0,1,,po
69518.jpg,1,0,1,,pl30
69747.jpg,1,1,0,po,
69776.jpg,1,1,0,io,
69928.jpg,6,0,1,,io
70218.jpg,1,0,1,,pn
70343.jpg,1,1,0,pl30,
70386.jpg,3,1,0,pl70,
70437.jpg,4,1,0,ph4,
70510.jpg,1,0,1,,w59
70661.jpg,2,0,1,,pn
70814.jpg,1,1,0,pl5,
7092.jpg,3,1,0,w55,
70995.jpg,2,1,0,pl60,
7103.jpg,1,0,1,,i4
71049.jpg,1,1,0,pl50,
71174.jpg,2,0,1,,pn
71249.jpg,2,1,0,pl40,
71844.jpg,1,0,1,,p11
71982.jpg,1,0,1,,p5
72034.jpg,1,0,1,,po
7206.jpg,2,0,1,,io
72446.jpg,1,0,1,,pl80
72517.jpg,3,0,1,,il100
72550.jpg,2,0,1,,pl60
72645.jpg,4,0,1,,il100
7268.jpg,1,0,1,,w57
72809.jpg,5,0,1,,pl60
72880.jpg,5,1,0,pl50,
73121.jpg,1,0,1,,pl60
73224.jpg,3,1,0,w57,
73250.jpg,4,0,1,,io
73453.jpg,1,0,1,,pne
73558.jpg,2,1,0,ip,
74070.jpg,4,1,0,w55,
74267.jpg,1,0,1,,ip
74315.jpg,4,0,1,,po
7433.jpg,3,1,0,pn,
74340.jpg,1,0,1,,pl60
74446.jpg,1,0,1,,pl70
74518.jpg,1,1,0,pl70,
74722.jpg,5,0,1,,pl40
74818.jpg,7,1,0,p11,
7483.jpg,2,0,1,,p11
74836.jpg,1,0,1,,po
74841.jpg,1,0,1,,pl40
751.jpg,2,0,1,,p10
75148.jpg,1,0,1,,pl40
75282.jpg,2,0,1,,pn
75514.jpg,4,0,1,,i2
75590.jpg,1,1,0,w32,
75703.jpg,3,0,1,,po
75868.jpg,1,0,1,,pn
75952.jpg,1,1,0,pl30,
75973.jpg,1,1,0,pl40,
76048.jpg,1,0,1,,p5
76122.jpg,4,1,0,pl40,
76286.jpg,2,0,1,,pn
76434.jpg,3,0,1,,pne
76474.jpg,3,1,0,w57,
76649.jpg,2,0,1,,w59
7675.jpg,1,1,0,p5,
76876.jpg,1,0,1,,w57
76900.jpg,2,1,0,w55,
76966.jpg,2,1,0,w32,
77107.jpg,1,1,0,pl60,
7718.jpg,4,1,0,pl30,
77424.jpg,1,1,0,pg,
77520.jpg,3,1,0,pl30,
77551.jpg,1,0,1,,p11
77731.jpg,2,0,1,,po
77795.jpg,3,0,1,,pl40
77841.jpg,1,0,1,,pl60
7807.jpg,2,1,0,wo,
78189.jpg,1,0,1,,pn
78431.jpg,3,1,0,p10,
78507.jpg,2,0,1,,wo
78589.jpg,4,1,0,w55,
78591.jpg,10,1,0,ip,
78604.jpg,3,1,0,pl100,
78678.jpg,8,1,0,pl80,
78692.jpg,2,0,1,,i4
78706.jpg,1,0,1,,i4
78961.jpg,1,1,0,pn,
79023.jpg,1,0,1,,pl5
79029.jpg,2,0,1,,wo
79381.jpg,2,0,1,,pl40
79416.jpg,4,0,1,,pne
79495.jpg,1,0,1,,pm55
79532.jpg,4,0,1,,il60
79572.jpg,3,0,1,,i5
79616.jpg,1,0,1,,pl30
79643.jpg,1,0,1,,io
79656.jpg,1,0,1,,io
79924.jpg,2,0,1,,pm20
79937.jpg,1,0,1,,pl40
80064.jpg,2,1,0,p23,
80156.jpg,1,0,1,,pn
80235.jpg,2,0,1,,pl60
80309.jpg,1,0,1,,pn
80525.jpg,1,0,1,,pl80
80631.jpg,2,0,1,,pl80
80675.jpg,4,1,0,pl50,
80690.jpg,1,0,1,,pn
80824.jpg,1,0,1,,p5
80841.jpg,1,0,1,,p5
80925.jpg,3,1,0,p11,
8098.jpg,2,0,1,,p26
8099.jpg,2,0,1,,pl30
81223.jpg,1,0,1,,pl5
813.jpg,1,0,1,,p26
81514.jpg,1,0,1,,pl60
81733.jpg,2,1,0,p11,
81780.jpg,3,0,1,,io
81888.jpg,3,0,1,,pl60
82079.jpg,3,1,0,po,
82082.jpg,1,1,0,pl80,
8221.jpg,1,0,1,,pn
82264.jpg,1,1,0,pr40,
82411.jpg,5,0,1,,po
82461.jpg,3,0,1,,pl50
82505.jpg,1,0,1,,pl5
82532.jpg,2,1,0,p6,
82650.jpg,1,0,1,,pn
8320.jpg,4,0,1,,io
83208.jpg,1,0,1,,wo
83407.jpg,1,0,1,,pl30
83572.jpg,5,1,0,p11,
83589.jpg,2,1,0,pl80,
83599.jpg,5,0,1,,pl60
83638.jpg,1,0,1,,pl80
83692.jpg,2,0,1,,pl60
8375.jpg,1,0,1,,w59
83786.jpg,2,0,1,,pn
83816.jpg,4,0,1,,p5
83828.jpg,2,1,0,p26,
83899.jpg,4,1,0,pl40,
84164.jpg,3,0,1,,i5
84284.jpg,4,1,0,pl5,
84289.jpg,1,1,0,w55,
84423.jpg,1,0,1,,pn
84459.jpg,1,0,1,,pl40
84465.jpg,1,0,1,,pl80
84574.jpg,2,0,1,,pl30
84729.jpg,1,0,1,,pl70
84748.jpg,1,0,1,,pn
84820.jpg,2,0,1,,pn
84859.jpg,1,0,1,,pm30
84932.jpg,2,0,1,,pn
85024.jpg,2,0,1,,io
85420.jpg,1,0,1,,wo
85636.jpg,3,0,1,,p11
85758.jpg,2,1,0,pl30,
86066.jpg,2,1,0,ph4.5,
86217.jpg,1,0,1,,wo
86335.jpg,5,0,1,,p3
86481.jpg,1,0,1,,pl30
86543.jpg,1,0,1,,il60
86719.jpg,2,0,1,,pn
8714.jpg,2,0,1,,pl80
87220.jpg,2,0,1,,pl50
8739.jpg,1,1,0,w59,
87531.jpg,4,0,1,,pne
87797.jpg,1,1,0,pr40,
8793.jpg,1,1,0,p26,
87970.jpg,4,1,0,pl50,
88023.jpg,4,0,1,,pl40
88027.jpg,4,0,1,,p26
88185.jpg,3,1,0,w55,
88569.jpg,1,1,0,p5,
88672.jpg,3,0,1,,pl60
88690.jpg,1,0,1,,i5
88732.jpg,8,0,1,,io
88783.jpg,2,1,0,po,
88914.jpg,2,1,0,pl30,
89023.jpg,1,0,1,,pr40
8936.jpg,1,1,0,ph5,
89637.jpg,2,1,0,w57,
8970.jpg,2,0,1,,po
89841.jpg,1,0,1,,p19
89845.jpg,3,0,1,,pr40
89932.jpg,1,0,1,,po
89995.jpg,1,0,1,,pn
90192.jpg,3,0,1,,w59
90375.jpg,2,1,0,pl30,
90380.jpg,1,0,1,,ip
90407.jpg,1,1,0,p3,
90677.jpg,1,0,1,,p23
90717.jpg,1,0,1,,po
90940.jpg,2,1,0,ph4.5,
90978.jpg,2,1,0,pm55,
91058.jpg,1,0,1,,ip
91084.jpg,2,0,1,,pl30
91200.jpg,2,0,1,,pn
91336.jpg,1,0,1,,wo
91399.jpg,5,1,0,pl50,
91515.jpg,1,1,0,pl60,
91556.jpg,1,0,1,,p11
91559.jpg,3,0,1,,pl80
91715.jpg,1,0,1,,w59
91739.jpg,1,0,1,,pl70
9180.jpg,1,1,0,pl20,
9223.jpg,3,1,0,pm30,
92518.jpg,3,1,0,p26,
9280.jpg,1,0,1,,pl80
92853.jpg,2,0,1,,pne
93059.jpg,2,0,1,,pl5
93194.jpg,5,0,1,,pl60
93332.jpg,10,0,1,,pn
93382.jpg,1,0,1,,po
93416.jpg,1,1,0,w32,
93747.jpg,2,0,1,,w57
93752.jpg,4,0,1,,pn
93780.jpg,2,0,1,,pl5
93783.jpg,2,1,0,w57,
93851.jpg,6,0,1,,il60
9389.jpg,8,1,0,pl80,
94046.jpg,1,1,0,pl5,
94058.jpg,3,0,1,,po
94082.jpg,1,0,1,,p10
94248.jpg,1,0,1,,pl30
94287.jpg,4,0,1,,pl60
94297.jpg,4,0,1,,ph4.5
94440.jpg,3,0,1,,il100
94455.jpg,2,0,1,,w57
94598.jpg,3,0,1,,pn
94908.jpg,1,0,1,,pm55
94935.jpg,2,1,0,io,
95151.jpg,5,1,0,i2,
95446.jpg,4,0,1,,pl40
95515.jpg,1,1,0,pl80,
95578.jpg,5,1,0,pl40,
95808.jpg,2,0,1,,pl80
96055.jpg,1,0,1,,pl20
962.jpg,2,0,1,,pl40
96525.jpg,1,0,1,,w32
96688.jpg,7,0,1,,pl60
96950.jpg,1,0,1,,pg
97043.jpg,3,0,1,,w55
97383.jpg,1,1,0,ph4.5,
97620.jpg,3,0,1,,pl80
97756.jpg,3,0,1,,il60
97848.jpg,4,1,0,pl50,
97925.jpg,1,0,1,,po
97932.jpg,1,0,1,,pr40
98061.jpg,1,1,0,p23,
98246.jpg,1,1,0,pl80,
98433.jpg,1,1,0,w32,
98753.jpg,2,0,1,,pn
98790.jpg,4,0,1,,i2
10056.jpg,5,0,0,,
10063.jpg,4,0,0,,
10128.jpg,3,0,0,,
10159.jpg,1,0,0,,
10270.jpg,2,0,0,,
1028.jpg,1,0,0,,
10291.jpg,1,0,0,,
10388.jpg,1,0,0,,
10479.jpg,1,0,0,,
1054.jpg,2,0,0,,
10582.jpg,1,0,0,,
10686.jpg,1,0,0,,
10741.jpg,3,0,0,,
11050.jpg,2,0,0,,
11061.jpg,3,0,0,,
11151.jpg,2,0,0,,
11184.jpg,6,0,0,,
1120.jpg,1,0,0,,
11205.jpg,1,0,0,,
11294.jpg,1,0,0,,
1130.jpg,2,0,0,,
11300.jpg,1,0,0,,
11307.jpg,3,0,0,,
11335.jpg,3,0,0,,
11620.jpg,3,0,0,,
11621.jpg,2,0,0,,
11625.jpg,1,0,0,,
11642.jpg,1,0,0,,
11722.jpg,5,0,0,,
11893.jpg,1,0,0,,
12047.jpg,1,0,0,,
12253.jpg,5,0,0,,
12308.jpg,1,0,0,,
12579.jpg,2,0,0,,
12596.jpg,1,0,0,,
12605.jpg,1,0,0,,
12643.jpg,1,0,0,,
12654.jpg,3,0,0,,
12686.jpg,6,0,0,,
12704.jpg,1,0,0,,
12982.jpg,1,0,0,,
13027.jpg,1,0,0,,
13041.jpg,1,0,0,,
13163.jpg,1,0,0,,
13236.jpg,1,0,0,,
13384.jpg,2,0,0,,
13430.jpg,1,0,0,,
13456.jpg,4,0,0,,
13529.jpg,1,0,0,,
13792.jpg,1,0,0,,
13818.jpg,2,0,0,,
13870.jpg,4,0,0,,
13920.jpg,1,0,0,,
13952.jpg,2,0,0,,
14025.jpg,1,0,0,,
14215.jpg,1,0,0,,
14240.jpg,1,0,0,,
14331.jpg,2,0,0,,
14356.jpg,2,0,0,,
14397.jpg,1,0,0,,
14553.jpg,4,0,0,,
14776.jpg,4,0,0,,
14819.jpg,1,0,0,,
14901.jpg,1,0,0,,
14999.jpg,1,0,0,,
1512.jpg,4,0,0,,
15155.jpg,1,0,0,,
1522.jpg,1,0,0,,
15220.jpg,1,0,0,,
1542.jpg,2,0,0,,
15489.jpg,1,0,0,,
15641.jpg,2,0,0,,
15702.jpg,1,0,0,,
15773.jpg,6,0,0,,
15779.jpg,5,0,0,,
15796.jpg,3,0,0,,
15987.jpg,1,0,0,,
15991.jpg,2,0,0,,
16065.jpg,2,0,0,,
16188.jpg,2,0,0,,
16275.jpg,2,0,0,,
16366.jpg,2,0,0,,
16433.jpg,1,0,0,,
16570.jpg,1,0,0,,
16721.jpg,1,0,0,,
16814.jpg,2,0,0,,
16826.jpg,1,0,0,,
17257.jpg,1,0,0,,
17317.jpg,2,0,0,,
17405.jpg,1,0,0,,
17417.jpg,1,0,0,,
17483.jpg,2,0,0,,
17488.jpg,2,0,0,,
17563.jpg,1,0,0,,
17655.jpg,2,0,0,,
17722.jpg,4,0,0,,
17814.jpg,1,0,0,,
17857.jpg,1,0,0,,
17956.jpg,1,0,0,,
17987.jpg,3,0,0,,
18124.jpg,1,0,0,,
18160.jpg,2,0,0,,
18266.jpg,2,0,0,,
18407.jpg,1,0,0,,
1845.jpg,1,0,0,,
18536.jpg,2,0,0,,
18581.jpg,1,0,0,,
18622.jpg,1,0,0,,
18660.jpg,3,0,0,,
18661.jpg,1,0,0,,
18678.jpg,3,0,0,,
18693.jpg,1,0,0,,
18885.jpg,2,0,0,,
19006.jpg,1,0,0,,
19058.jpg,1,0,0,,
19497.jpg,1,0,0,,
19552.jpg,1,0,0,,
19715.jpg,3,0,0,,
1978.jpg,1,0,0,,
19790.jpg,1,0,0,,
19917.jpg,1,0,0,,
19973.jpg,5,0,0,,
20015.jpg,4,0,0,,
20516.jpg,1,0,0,,
20637.jpg,1,0,0,,
20670.jpg,1,0,0,,
20781.jpg,2,0,0,,
20831.jpg,2,0,0,,
20863.jpg,1,0,0,,
20874.jpg,2,0,0,,
21005.jpg,5,0,0,,
2109.jpg,1,0,0,,
21090.jpg,1,0,0,,
21121.jpg,1,0,0,,
2126.jpg,2,0,0,,
21261.jpg,2,0,0,,
21392.jpg,1,0,0,,
21444.jpg,1,0,0,,
21525.jpg,1,0,0,,
21546.jpg,1,0,0,,
21651.jpg,1,0,0,,
21745.jpg,3,0,0,,
2182.jpg,1,0,0,,
21840.jpg,2,0,0,,
21841.jpg,1,0,0,,
22067.jpg,1,0,0,,
22069.jpg,8,0,0,,
22194.jpg,2,0,0,,
22268.jpg,1,0,0,,
22284.jpg,1,0,0,,
22286.jpg,1,0,0,,
22305.jpg,2,0,0,,
2231.jpg,2,0,0,,
22515.jpg,2,0,0,,
22545.jpg,1,0,0,,
22647.jpg,1,0,0,,
22696.jpg,2,0,0,,
2272.jpg,1,0,0,,
2273.jpg,3,0,0,,
22827.jpg,3,0,0,,
23019.jpg,3,0,0,,
2315.jpg,5,0,0,,
23170.jpg,2,0,0,,
23272.jpg,1,0,0,,
23353.jpg,1,0,0,,
23539.jpg,1,0,0,,
23651.jpg,5,0,0,,
23686.jpg,5,0,0,,
23726.jpg,1,0,0,,
23738.jpg,1,0,0,,
2377.jpg,2,0,0,,
23836.jpg,2,0,0,,
23978.jpg,1,0,0,,
23991.jpg,2,0,0,,
24165.jpg,1,0,0,,
24197.jpg,1,0,0,,
24284.jpg,2,0,0,,
245.jpg,1,0,0,,
24514.jpg,1,0,0,,
24550.jpg,5,0,0,,
24764.jpg,1,0,0,,
24893.jpg,2,0,0,,
24945.jpg,1,0,0,,
25086.jpg,1,0,0,,
25091.jpg,1,0,0,,
25260.jpg,1,0,0,,
25271.jpg,2,0,0,,
25287.jpg,3,0,0,,
25332.jpg,4,0,0,,
25397.jpg,1,0,0,,
25418.jpg,2,0,0,,
25421.jpg,1,0,0,,
25503.jpg,1,0,0,,
25510.jpg,2,0,0,,
25589.jpg,1,0,0,,
2560.jpg,4,0,0,,
25641.jpg,1,0,0,,
2569.jpg,2,0,0,,
25773.jpg,2,0,0,,
25792.jpg,1,0,0,,
25823.jpg,2,0,0,,
25844.jpg,1,0,0,,
25886.jpg,2,0,0,,
26042.jpg,4,0,0,,
26065.jpg,2,0,0,,
26066.jpg,1,0,0,,
26203.jpg,3,0,0,,
26212.jpg,1,0,0,,
26329.jpg,2,0,0,,
26356.jpg,1,0,0,,
26490.jpg,2,0,0,,
2666.jpg,2,0,0,,
26672.jpg,2,0,0,,
26715.jpg,1,0,0,,
27040.jpg,1,0,0,,
27044.jpg,1,0,0,,
27090.jpg,1,0,0,,
27179.jpg,1,0,0,,
27229.jpg,2,0,0,,
27234.jpg,1,0,0,,
27263.jpg,1,0,0,,
27424.jpg,1,0,0,,
27441.jpg,1,0,0,,
27473.jpg,1,0,0,,
27520.jpg,2,0,0,,
27609.jpg,2,0,0,,
27622.jpg,1,0,0,,
27674.jpg,3,0,0,,
27745.jpg,3,0,0,,
27903.jpg,2,0,0,,
27930.jpg,1,0,0,,
27969.jpg,4,0,0,,
27986.jpg,1,0,0,,
28006.jpg,1,0,0,,
28073.jpg,1,0,0,,
28075.jpg,2,0,0,,
28134.jpg,1,0,0,,
28184.jpg,3,0,0,,
28200.jpg,1,0,0,,
28218.jpg,2,0,0,,
28229.jpg,4,0,0,,
28322.jpg,1,0,0,,
28351.jpg,1,0,0,,
28356.jpg,2,0,0,,
28421.jpg,1,0,0,,
28455.jpg,2,0,0,,
28638.jpg,1,0,0,,
28702.jpg,1,0,0,,
2873.jpg,1,0,0,,
28834.jpg,2,0,0,,
28927.jpg,1,0,0,,
2903.jpg,1,0,0,,
29098.jpg,1,0,0,,
29107.jpg,2,0,0,,
29123.jpg,2,0,0,,
2915.jpg,2,0,0,,
29175.jpg,4,0,0,,
29178.jpg,2,0,0,,
29219.jpg,1,0,0,,
29251.jpg,2,0,0,,
29273.jpg,1,0,0,,
29282.jpg,1,0,0,,
29313.jpg,2,0,0,,
29324.jpg,3,0,0,,
29332.jpg,2,0,0,,
29347.jpg,1,0,0,,
29362.jpg,1,0,0,,
29363.jpg,5,0,0,,
29385.jpg,1,0,0,,
29389.jpg,2,0,0,,
29400.jpg,1,0,0,,
29448.jpg,3,0,0,,
29491.jpg,6,0,0,,
295.jpg,2,0,0,,
2952.jpg,1,0,0,,
29785.jpg,1,0,0,,
2981.jpg,1,0,0,,
29836.jpg,1,0,0,,
3015.jpg,1,0,0,,
30220.jpg,1,0,0,,
30437.jpg,1,0,0,,
30536.jpg,2,0,0,,
30543.jpg,1,0,0,,
30649.jpg,3,0,0,,
30713.jpg,1,0,0,,
30732.jpg,1,0,0,,
30766.jpg,2,0,0,,
30800.jpg,1,0,0,,
30874.jpg,1,0,0,,
309.jpg,2,0,0,,
30915.jpg,1,0,0,,
31028.jpg,2,0,0,,
31229.jpg,1,0,0,,
31311.jpg,1,0,0,,
31335.jpg,1,0,0,,
31421.jpg,2,0,0,,
31483.jpg,3,0,0,,
31485.jpg,2,0,0,,
31524.jpg,1,0,0,,
31565.jpg,2,0,0,,
31602.jpg,5,0,0,,
31779.jpg,3,0,0,,
31884.jpg,1,0,0,,
32054.jpg,1,0,0,,
32097.jpg,2,0,0,,
32108.jpg,2,0,0,,
32223.jpg,2,0,0,,
32259.jpg,2,0,0,,
32320.jpg,1,0,0,,
32477.jpg,1,0,0,,
32565.jpg,1,0,0,,
32571.jpg,1,0,0,,
3265.jpg,1,0,0,,
32733.jpg,1,0,0,,
32797.jpg,1,0,0,,
32871.jpg,1,0,0,,
32957.jpg,1,0,0,,
33002.jpg,1,0,0,,
33029.jpg,1,0,0,,
33132.jpg,1,0,0,,
33160.jpg,1,0,0,,
33175.jpg,3,0,0,,
33241.jpg,1,0,0,,
33414.jpg,1,0,0,,
33477.jpg,1,0,0,,
33480.jpg,1,0,0,,
33565.jpg,1,0,0,,
3360.jpg,3,0,0,,
33700.jpg,1,0,0,,
3381.jpg,1,0,0,,
33887.jpg,2,0,0,,
33906.jpg,1,0,0,,
33981.jpg,3,0,0,,
34312.jpg,2,0,0,,
34334.jpg,1,0,0,,
34520.jpg,1,0,0,,
3457.jpg,4,0,0,,
34595.jpg,1,0,0,,
34603.jpg,1,0,0,,
34626.jpg,1,0,0,,
34665.jpg,2,0,0,,
34711.jpg,2,0,0,,
34782.jpg,3,0,0,,
3492.jpg,1,0,0,,
34953.jpg,1,0,0,,
34978.jpg,1,0,0,,
35059.jpg,3,0,0,,
35155.jpg,1,0,0,,
35175.jpg,1,0,0,,
3545.jpg,1,0,0,,
35587.jpg,2,0,0,,
35646.jpg,3,0,0,,
35648.jpg,1,0,0,,
35687.jpg,2,0,0,,
35824.jpg,3,0,0,,
35857.jpg,3,0,0,,
35925.jpg,1,0,0,,
3595.jpg,1,0,0,,
35954.jpg,2,0,0,,
35984.jpg,3,0,0,,
36006.jpg,1,0,0,,
36021.jpg,1,0,0,,
36046.jpg,4,0,0,,
36060.jpg,1,0,0,,
36118.jpg,3,0,0,,
36167.jpg,6,0,0,,
36180.jpg,6,0,0,,
36272.jpg,2,0,0,,
36273.jpg,1,0,0,,
3629.jpg,1,0,0,,
3634.jpg,3,0,0,,
36362.jpg,2,0,0,,
36455.jpg,1,0,0,,
36476.jpg,1,0,0,,
36549.jpg,1,0,0,,
3668.jpg,4,0,0,,
36685.jpg,2,0,0,,
36799.jpg,1,0,0,,
37028.jpg,2,0,0,,
37113.jpg,2,0,0,,
37145.jpg,4,0,0,,
37172.jpg,6,0,0,,
3721.jpg,1,0,0,,
37281.jpg,1,0,0,,
37446.jpg,6,0,0,,
37460.jpg,2,0,0,,
37727.jpg,2,0,0,,
38053.jpg,2,0,0,,
38078.jpg,1,0,0,,
38114.jpg,1,0,0,,
38135.jpg,1,0,0,,
3815.jpg,1,0,0,,
38304.jpg,2,0,0,,
38395.jpg,1,0,0,,
38731.jpg,4,0,0,,
38836.jpg,2,0,0,,
38995.jpg,2,0,0,,
39166.jpg,1,0,0,,
39380.jpg,1,0,0,,
394.jpg,4,0,0,,
39628.jpg,2,0,0,,
39660.jpg,1,0,0,,
39785.jpg,2,0,0,,
39792.jpg,1,0,0,,
39950.jpg,1,0,0,,
400.jpg,3,0,0,,
40008.jpg,2,0,0,,
40101.jpg,1,0,0,,
40168.jpg,2,0,0,,
40179.jpg,4,0,0,,
40363.jpg,1,0,0,,
40375.jpg,1,0,0,,
40428.jpg,2,0,0,,
40458.jpg,1,0,0,,
40461.jpg,1,0,0,,
40486.jpg,4,0,0,,
40491.jpg,1,0,0,,
4059.jpg,1,0,0,,
41091.jpg,1,0,0,,
41141.jpg,3,0,0,,
41154.jpg,1,0,0,,
41294.jpg,1,0,0,,
41346.jpg,1,0,0,,
41440.jpg,1,0,0,,
415.jpg,2,0,0,,
41562.jpg,1,0,0,,
41605.jpg,2,0,0,,
41653.jpg,3,0,0,,
41857.jpg,1,0,0,,
41865.jpg,3,0,0,,
41895.jpg,1,0,0,,
41959.jpg,2,0,0,,
42016.jpg,1,0,0,,
42136.jpg,1,0,0,,
42162.jpg,1,0,0,,
42209.jpg,1,0,0,,
42282.jpg,1,0,0,,
42329.jpg,3,0,0,,
42332.jpg,2,0,0,,
42381.jpg,2,0,0,,
42399.jpg,1,0,0,,
42493.jpg,1,0,0,,
4257.jpg,1,0,0,,
42593.jpg,3,0,0,,
42661.jpg,1,0,0,,
42804.jpg,3,0,0,,
42881.jpg,4,0,0,,
43013.jpg,1,0,0,,
43033.jpg,1,0,0,,
43067.jpg,1,0,0,,
43074.jpg,1,0,0,,
43144.jpg,1,0,0,,
4317.jpg,1,0,0,,
4323.jpg,2,0,0,,
43305.jpg,1,0,0,,
43479.jpg,3,0,0,,
4348.jpg,4,0,0,,
43541.jpg,1,0,0,,
43560.jpg,3,0,0,,
43773.jpg,2,0,0,,
43789.jpg,1,0,0,,
43833.jpg,6,0,0,,
43852.jpg,2,0,0,,
43867.jpg,2,0,0,,
44027.jpg,1,0,0,,
4407.jpg,2,0,0,,
44170.jpg,1,0,0,,
44361.jpg,2,0,0,,
44376.jpg,2,0,0,,
44480.jpg,5,0,0,,
44539.jpg,2,0,0,,
44600.jpg,5,0,0,,
44610.jpg,1,0,0,,
44681.jpg,1,0,0,,
44718.jpg,1,0,0,,
44754.jpg,2,0,0,,
44768.jpg,1,0,0,,
4481.jpg,1,0,0,,
44820.jpg,1,0,0,,
44883.jpg,2,0,0,,
44887.jpg,1,0,0,,
44916.jpg,2,0,0,,
44936.jpg,3,0,0,,
44957.jpg,3,0,0,,
4496.jpg,1,0,0,,
44969.jpg,2,0,0,,
44983.jpg,9,0,0,,
45050.jpg,1,0,0,,
45154.jpg,1,0,0,,
45248.jpg,1,0,0,,
45367.jpg,1,0,0,,
45433.jpg,1,0,0,,
45535.jpg,1,0,0,,
45546.jpg,1,0,0,,
45793.jpg,4,0,0,,
45835.jpg,1,0,0,,
45846.jpg,2,0,0,,
45966.jpg,2,0,0,,
45973.jpg,4,0,0,,
4607.jpg,1,0,0,,
46163.jpg,5,0,0,,
46232.jpg,1,0,0,,
46295.jpg,1,0,0,,
46324.jpg,2,0,0,,
46360.jpg,2,0,0,,
46423.jpg,1,0,0,,
46428.jpg,3,0,0,,
46462.jpg,1,0,0,,
46473.jpg,2,0,0,,
46490.jpg,1,0,0,,
46601.jpg,3,0,0,,
46729.jpg,6,0,0,,
46746.jpg,2,0,0,,
46874.jpg,2,0,0,,
46891.jpg,1,0,0,,
46904.jpg,2,0,0,,
46907.jpg,1,0,0,,
46917.jpg,2,0,0,,
46949.jpg,3,0,0,,
47192.jpg,4,0,0,,
47259.jpg,1,0,0,,
47273.jpg,1,0,0,,
47292.jpg,1,0,0,,
4731.jpg,1,0,0,,
47375.jpg,2,0,0,,
47413.jpg,1,0,0,,
47556.jpg,3,0,0,,
47579.jpg,2,0,0,,
47637.jpg,1,0,0,,
47738.jpg,2,0,0,,
47782.jpg,1,0,0,,
478.jpg,4,0,0,,
47815.jpg,1,0,0,,
47899.jpg,1,0,0,,
48019.jpg,1,0,0,,
48096.jpg,1,0,0,,
48356.jpg,1,0,0,,
48399.jpg,1,0,0,,
48424.jpg,2,0,0,,
48435.jpg,5,0,0,,
48562.jpg,1,0,0,,
48690.jpg,1,0,0,,
48796.jpg,1,0,0,,
48866.jpg,2,0,0,,
48932.jpg,2,0,0,,
4900.jpg,2,0,0,,
49100.jpg,3,0,0,,
49248.jpg,4,0,0,,
49288.jpg,1,0,0,,
49402.jpg,2,0,0,,
49443.jpg,2,0,0,,
49478.jpg,2,0,0,,
49551.jpg,1,0,0,,
49566.jpg,2,0,0,,
49631.jpg,3,0,0,,
49760.jpg,1,0,0,,
49902.jpg,1,0,0,,
49924.jpg,1,0,0,,
49945.jpg,3,0,0,,
49983.jpg,1,0,0,,
49984.jpg,1,0,0,,
4999.jpg,1,0,0,,
49994.jpg,1,0,0,,
49997.jpg,1,0,0,,
50116.jpg,3,0,0,,
50161.jpg,1,0,0,,
50248.jpg,5,0,0,,
50453.jpg,1,0,0,,
50473.jpg,2,0,0,,
50505.jpg,1,0,0,,
50523.jpg,1,0,0,,
50524.jpg,2,0,0,,
50716.jpg,2,0,0,,
5081.jpg,2,0,0,,
50924.jpg,1,0,0,,
51001.jpg,3,0,0,,
51031.jpg,5,0,0,,
51071.jpg,9,0,0,,
51111.jpg,1,0,0,,
51217.jpg,2,0,0,,
51258.jpg,2,0,0,,
51386.jpg,2,0,0,,
51554.jpg,1,0,0,,
51709.jpg,2,0,0,,
51776.jpg,1,0,0,,
51843.jpg,3,0,0,,
51947.jpg,1,0,0,,
51997.jpg,1,0,0,,
5202.jpg,2,0,0,,
52075.jpg,3,0,0,,
52128.jpg,2,0,0,,
52166.jpg,1,0,0,,
52207.jpg,4,0,0,,
52211.jpg,1,0,0,,
52281.jpg,4,0,0,,
52290.jpg,1,0,0,,
52304.jpg,2,0,0,,
52333.jpg,4,0,0,,
52445.jpg,1,0,0,,
52461.jpg,1,0,0,,
527.jpg,1,0,0,,
5275.jpg,5,0,0,,
52862.jpg,3,0,0,,
52872.jpg,1,0,0,,
52875.jpg,2,0,0,,
53107.jpg,1,0,0,,
53127.jpg,1,0,0,,
53134.jpg,1,0,0,,
53139.jpg,1,0,0,,
53176.jpg,3,0,0,,
53194.jpg,1,0,0,,
53268.jpg,1,0,0,,
5332.jpg,4,0,0,,
53326.jpg,4,0,0,,
53642.jpg,1,0,0,,
53765.jpg,2,0,0,,
53770.jpg,2,0,0,,
53794.jpg,3,0,0,,
53796.jpg,1,0,0,,
5401.jpg,1,0,0,,
54180.jpg,1,0,0,,
542.jpg,1,0,0,,
54237.jpg,2,0,0,,
5424.jpg,2,0,0,,
54251.jpg,2,0,0,,
54302.jpg,1,0,0,,
54328.jpg,2,0,0,,
54339.jpg,3,0,0,,
54487.jpg,3,0,0,,
54490.jpg,2,0,0,,
5463.jpg,1,0,0,,
54663.jpg,2,0,0,,
54677.jpg,1,0,0,,
5470.jpg,3,0,0,,
54739.jpg,2,0,0,,
54869.jpg,1,0,0,,
5491.jpg,1,0,0,,
54963.jpg,5,0,0,,
55055.jpg,1,0,0,,
55095.jpg,1,0,0,,
5512.jpg,2,0,0,,
55149.jpg,2,0,0,,
55157.jpg,5,0,0,,
55200.jpg,2,0,0,,
55237.jpg,1,0,0,,
5536.jpg,4,0,0,,
55514.jpg,3,0,0,,
55520.jpg,1,0,0,,
55562.jpg,1,0,0,,
55574.jpg,2,0,0,,
5568.jpg,1,0,0,,
55742.jpg,1,0,0,,
55777.jpg,1,0,0,,
55793.jpg,2,0,0,,
55829.jpg,1,0,0,,
55878.jpg,1,0,0,,
55926.jpg,2,0,0,,
55998.jpg,1,0,0,,
56054.jpg,1,0,0,,
56057.jpg,1,0,0,,
562.jpg,2,0,0,,
56226.jpg,1,0,0,,
56247.jpg,2,0,0,,
56272.jpg,2,0,0,,
56334.jpg,2,0,0,,
5640.jpg,2,0,0,,
56455.jpg,4,0,0,,
56699.jpg,1,0,0,,
56711.jpg,1,0,0,,
56815.jpg,1,0,0,,
56855.jpg,1,0,0,,
56879.jpg,2,0,0,,
56972.jpg,1,0,0,,
57098.jpg,5,0,0,,
57105.jpg,1,0,0,,
57137.jpg,2,0,0,,
57237.jpg,5,0,0,,
57267.jpg,1,0,0,,
57278.jpg,2,0,0,,
57280.jpg,1,0,0,,
57389.jpg,2,0,0,,
57404.jpg,1,0,0,,
57496.jpg,9,0,0,,
57505.jpg,2,0,0,,
57571.jpg,1,0,0,,
57608.jpg,1,0,0,,
57698.jpg,3,0,0,,
57708.jpg,1,0,0,,
5773.jpg,4,0,0,,
57771.jpg,3,0,0,,
5783.jpg,2,0,0,,
58006.jpg,1,0,0,,
58067.jpg,2,0,0,,
5824.jpg,1,0,0,,
58257.jpg,1,0,0,,
58380.jpg,2,0,0,,
58534.jpg,2,0,0,,
58569.jpg,1,0,0,,
58636.jpg,1,0,0,,
5869.jpg,3,0,0,,
58719.jpg,1,0,0,,
58771.jpg,4,0,0,,
58824.jpg,1,0,0,,
58894.jpg,1,0,0,,
59164.jpg,3,0,0,,
59242.jpg,1,0,0,,
59271.jpg,1,0,0,,
59350.jpg,2,0,0,,
59476.jpg,2,0,0,,
59662.jpg,2,0,0,,
59676.jpg,2,0,0,,
5970.jpg,4,0,0,,
59732.jpg,6,0,0,,
59813.jpg,1,0,0,,
5982.jpg,1,0,0,,
59926.jpg,1,0,0,,
5997.jpg,2,0,0,,
59977.jpg,3,0,0,,
59982.jpg,2,0,0,,
60037.jpg,1,0,0,,
60094.jpg,4,0,0,,
60099.jpg,3,0,0,,
6011.jpg,1,0,0,,
60268.jpg,1,0,0,,
60406.jpg,2,0,0,,
60415.jpg,1,0,0,,
60478.jpg,3,0,0,,
60529.jpg,2,0,0,,
60702.jpg,1,0,0,,
6071.jpg,2,0,0,,
60727.jpg,3,0,0,,
6075.jpg,1,0,0,,
6096.jpg,1,0,0,,
61033.jpg,1,0,0,,
61035.jpg,5,0,0,,
61102.jpg,2,0,0,,
61133.jpg,3,0,0,,
61135.jpg,1,0,0,,
61396.jpg,1,0,0,,
61411.jpg,3,0,0,,
61461.jpg,1,0,0,,
61546.jpg,1,0,0,,
61558.jpg,3,0,0,,
61592.jpg,2,0,0,,
61756.jpg,1,0,0,,
61789.jpg,6,0,0,,
61901.jpg,5,0,0,,
61923.jpg,1,0,0,,
6195.jpg,5,0,0,,
62052.jpg,1,0,0,,
62105.jpg,1,0,0,,
62247.jpg,4,0,0,,
62269.jpg,1,0,0,,
62411.jpg,1,0,0,,
62526.jpg,2,0,0,,
62641.jpg,1,0,0,,
62953.jpg,1,0,0,,
62965.jpg,1,0,0,,
62983.jpg,2,0,0,,
63047.jpg,1,0,0,,
63065.jpg,5,0,0,,
63102.jpg,4,0,0,,
63112.jpg,3,0,0,,
6319.jpg,4,0,0,,
63235.jpg,1,0,0,,
63254.jpg,2,0,0,,
63266.jpg,2,0,0,,
63327.jpg,1,0,0,,
63398.jpg,1,0,0,,
634.jpg,1,0,0,,
63467.jpg,1,0,0,,
63472.jpg,1,0,0,,
63542.jpg,2,0,0,,
63626.jpg,1,0,0,,
63645.jpg,1,0,0,,
6365.jpg,6,0,0,,
63659.jpg,1,0,0,,
6366.jpg,1,0,0,,
63704.jpg,3,0,0,,
63857.jpg,2,0,0,,
63917.jpg,2,0,0,,
63993.jpg,2,0,0,,
641.jpg,1,0,0,,
64109.jpg,1,0,0,,
64142.jpg,1,0,0,,
64195.jpg,1,0,0,,
6425.jpg,1,0,0,,
64352.jpg,1,0,0,,
64408.jpg,1,0,0,,
6474.jpg,2,0,0,,
64774.jpg,4,0,0,,
64871.jpg,1,0,0,,
64876.jpg,1,0,0,,
64883.jpg,1,0,0,,
64957.jpg,1,0,0,,
64985.jpg,1,0,0,,
65004.jpg,2,0,0,,
65050.jpg,4,0,0,,
65059.jpg,2,0,0,,
65075.jpg,2,0,0,,
65305.jpg,1,0,0,,
65388.jpg,2,0,0,,
65465.jpg,1,0,0,,
65478.jpg,1,0,0,,
65488.jpg,3,0,0,,
65600.jpg,4,0,0,,
65709.jpg,1,0,0,,
65736.jpg,1,0,0,,
65768.jpg,3,0,0,,
65779.jpg,1,0,0,,
65815.jpg,1,0,0,,
65821.jpg,4,0,0,,
65840.jpg,1,0,0,,
65901.jpg,2,0,0,,
66019.jpg,1,0,0,,
66046.jpg,1,0,0,,
6619.jpg,3,0,0,,
66205.jpg,5,0,0,,
66251.jpg,1,0,0,,
66329.jpg,2,0,0,,
66414.jpg,5,0,0,,
66482.jpg,2,0,0,,
6652.jpg,1,0,0,,
66589.jpg,2,0,0,,
66663.jpg,2,0,0,,
66922.jpg,1,0,0,,
67215.jpg,3,0,0,,
67280.jpg,2,0,0,,
67315.jpg,2,0,0,,
6756.jpg,2,0,0,,
676.jpg,1,0,0,,
67664.jpg,2,0,0,,
67704.jpg,5,0,0,,
67763.jpg,2,0,0,,
67791.jpg,1,0,0,,
67800.jpg,2,0,0,,
67828.jpg,1,0,0,,
68027.jpg,1,0,0,,
68231.jpg,4,0,0,,
6824.jpg,1,0,0,,
68268.jpg,5,0,0,,
68330.jpg,1,0,0,,
6844.jpg,1,0,0,,
68473.jpg,1,0,0,,
68474.jpg,8,0,0,,
68493.jpg,4,0,0,,
68573.jpg,1,0,0,,
68667.jpg,1,0,0,,
68753.jpg,2,0,0,,
68779.jpg,1,0,0,,
6885.jpg,1,0,0,,
69015.jpg,1,0,0,,
69103.jpg,1,0,0,,
69203.jpg,2,0,0,,
69243.jpg,1,0,0,,
69264.jpg,2,0,0,,
69373.jpg,6,0,0,,
69425.jpg,4,0,0,,
69444.jpg,4,0,0,,
69483.jpg,1,0,0,,
69522.jpg,6,0,0,,
69570.jpg,1,0,0,,
69636.jpg,1,0,0,,
69728.jpg,1,0,0,,
69828.jpg,1,0,0,,
69857.jpg,2,0,0,,
69921.jpg,1,0,0,,
69951.jpg,1,0,0,,
6998.jpg,2,0,0,,
70027.jpg,2,0,0,,
70274.jpg,1,0,0,,
70288.jpg,4,0,0,,
70489.jpg,4,0,0,,
70495.jpg,2,0,0,,
70501.jpg,1,0,0,,
70524.jpg,1,0,0,,
70815.jpg,2,0,0,,
70858.jpg,1,0,0,,
70873.jpg,2,0,0,,
70914.jpg,3,0,0,,
70979.jpg,2,0,0,,
71001.jpg,3,0,0,,
71155.jpg,1,0,0,,
71233.jpg,1,0,0,,
71537.jpg,1,0,0,,
71563.jpg,1,0,0,,
71597.jpg,4,0,0,,
71616.jpg,1,0,0,,
71626.jpg,2,0,0,,
71745.jpg,1,0,0,,
71751.jpg,1,0,0,,
71783.jpg,3,0,0,,
71876.jpg,1,0,0,,
71957.jpg,1,0,0,,
72069.jpg,1,0,0,,
72089.jpg,1,0,0,,
72284.jpg,2,0,0,,
72383.jpg,2,0,0,,
72425.jpg,2,0,0,,
72461.jpg,1,0,0,,
72488.jpg,1,0,0,,
72633.jpg,2,0,0,,
72722.jpg,2,0,0,,
7273.jpg,1,0,0,,
72771.jpg,5,0,0,,
72835.jpg,2,0,0,,
7286.jpg,3,0,0,,
72883.jpg,2,0,0,,
72994.jpg,1,0,0,,
73019.jpg,5,0,0,,
73069.jpg,3,0,0,,
73379.jpg,1,0,0,,
7341.jpg,1,0,0,,
73576.jpg,1,0,0,,
73587.jpg,1,0,0,,
73774.jpg,1,0,0,,
73792.jpg,3,0,0,,
73804.jpg,1,0,0,,
73812.jpg,1,0,0,,
73838.jpg,3,0,0,,
74171.jpg,1,0,0,,
74189.jpg,1,0,0,,
74240.jpg,5,0,0,,
74412.jpg,1,0,0,,
7443.jpg,5,0,0,,
74450.jpg,1,0,0,,
74553.jpg,1,0,0,,
74599.jpg,2,0,0,,
74622.jpg,1,0,0,,
74650.jpg,1,0,0,,
74656.jpg,1,0,0,,
74716.jpg,2,0,0,,
74726.jpg,1,0,0,,
74791.jpg,1,0,0,,
74908.jpg,2,0,0,,
75022.jpg,2,0,0,,
75170.jpg,2,0,0,,
75322.jpg,1,0,0,,
7550.jpg,1,0,0,,
75545.jpg,4,0,0,,
75600.jpg,2,0,0,,
75615.jpg,1,0,0,,
75670.jpg,1,0,0,,
75711.jpg,2,0,0,,
75763.jpg,1,0,0,,
75881.jpg,1,0,0,,
75883.jpg,4,0,0,,
76008.jpg,1,0,0,,
76040.jpg,5,0,0,,
76075.jpg,3,0,0,,
76076.jpg,1,0,0,,
76091.jpg,1,0,0,,
76094.jpg,1,0,0,,
76507.jpg,1,0,0,,
76521.jpg,7,0,0,,
76611.jpg,1,0,0,,
76626.jpg,1,0,0,,
76697.jpg,1,0,0,,
76734.jpg,2,0,0,,
76874.jpg,3,0,0,,
77024.jpg,1,0,0,,
77156.jpg,2,0,0,,
77257.jpg,1,0,0,,
77280.jpg,1,0,0,,
77303.jpg,3,0,0,,
77352.jpg,1,0,0,,
77533.jpg,1,0,0,,
77598.jpg,1,0,0,,
77600.jpg,4,0,0,,
77607.jpg,1,0,0,,
77794.jpg,1,0,0,,
77800.jpg,1,0,0,,
77868.jpg,2,0,0,,
77883.jpg,3,0,0,,
78349.jpg,3,0,0,,
78441.jpg,4,0,0,,
78464.jpg,1,0,0,,
78501.jpg,2,0,0,,
78534.jpg,1,0,0,,
78573.jpg,1,0,0,,
78585.jpg,1,0,0,,
78754.jpg,3,0,0,,
78816.jpg,1,0,0,,
7888.jpg,1,0,0,,
78974.jpg,1,0,0,,
78990.jpg,2,0,0,,
79126.jpg,5,0,0,,
79157.jpg,1,0,0,,
79294.jpg,1,0,0,,
79414.jpg,1,0,0,,
79596.jpg,1,0,0,,
79694.jpg,1,0,0,,
79710.jpg,1,0,0,,
79816.jpg,1,0,0,,
79907.jpg,1,0,0,,
79920.jpg,2,0,0,,
79939.jpg,1,0,0,,
80045.jpg,2,0,0,,
80152.jpg,1,0,0,,
8018.jpg,1,0,0,,
80215.jpg,1,0,0,,
8022.jpg,1,0,0,,
80466.jpg,1,0,0,,
80494.jpg,1,0,0,,
80568.jpg,1,0,0,,
80765.jpg,5,0,0,,
80766.jpg,2,0,0,,
80911.jpg,1,0,0,,
80998.jpg,1,0,0,,
8100.jpg,5,0,0,,
81047.jpg,2,0,0,,
81104.jpg,1,0,0,,
81111.jpg,2,0,0,,
81142.jpg,1,0,0,,
81167.jpg,1,0,0,,
8121.jpg,1,0,0,,
81392.jpg,2,0,0,,
81417.jpg,4,0,0,,
81422.jpg,2,0,0,,
81434.jpg,1,0,0,,
8153.jpg,4,0,0,,
81589.jpg,3,0,0,,
81593.jpg,2,0,0,,
81601.jpg,6,0,0,,
81618.jpg,1,0,0,,
81674.jpg,4,0,0,,
8169.jpg,9,0,0,,
81751.jpg,2,0,0,,
819.jpg,1,0,0,,
81949.jpg,1,0,0,,
82094.jpg,2,0,0,,
82195.jpg,2,0,0,,
82216.jpg,5,0,0,,
82246.jpg,1,0,0,,
82318.jpg,1,0,0,,
82324.jpg,5,0,0,,
82401.jpg,4,0,0,,
8241.jpg,1,0,0,,
82469.jpg,1,0,0,,
82500.jpg,3,0,0,,
82506.jpg,1,0,0,,
82600.jpg,1,0,0,,
82619.jpg,1,0,0,,
82672.jpg,2,0,0,,
82748.jpg,5,0,0,,
83050.jpg,3,0,0,,
83072.jpg,1,0,0,,
83078.jpg,1,0,0,,
83167.jpg,1,0,0,,
83301.jpg,2,0,0,,
83325.jpg,1,0,0,,
834.jpg,2,0,0,,
83476.jpg,1,0,0,,
83495.jpg,1,0,0,,
83501.jpg,1,0,0,,
83503.jpg,3,0,0,,
83630.jpg,2,0,0,,
83632.jpg,5,0,0,,
83718.jpg,1,0,0,,
83777.jpg,2,0,0,,
83796.jpg,2,0,0,,
84082.jpg,1,0,0,,
84126.jpg,4,0,0,,
84282.jpg,2,0,0,,
84287.jpg,2,0,0,,
84294.jpg,3,0,0,,
84434.jpg,1,0,0,,
84565.jpg,1,0,0,,
84701.jpg,2,0,0,,
84963.jpg,4,0,0,,
85115.jpg,2,0,0,,
85145.jpg,1,0,0,,
85195.jpg,4,0,0,,
85262.jpg,1,0,0,,
85377.jpg,1,0,0,,
85399.jpg,1,0,0,,
85429.jpg,2,0,0,,
85462.jpg,1,0,0,,
85501.jpg,1,0,0,,
85862.jpg,2,0,0,,
85865.jpg,1,0,0,,
85905.jpg,1,0,0,,
86072.jpg,2,0,0,,
86184.jpg,2,0,0,,
86247.jpg,3,0,0,,
8629.jpg,4,0,0,,
86358.jpg,2,0,0,,
86462.jpg,2,0,0,,
86537.jpg,2,0,0,,
86579.jpg,2,0,0,,
86590.jpg,1,0,0,,
86593.jpg,2,0,0,,
86605.jpg,1,0,0,,
86658.jpg,2,0,0,,
86682.jpg,1,0,0,,
86716.jpg,1,0,0,,
86757.jpg,1,0,0,,
86842.jpg,1,0,0,,
86942.jpg,1,0,0,,
87018.jpg,1,0,0,,
87067.jpg,1,0,0,,
87068.jpg,1,0,0,,
87120.jpg,1,0,0,,
87173.jpg,1,0,0,,
87231.jpg,4,0,0,,
87262.jpg,1,0,0,,
87275.jpg,3,0,0,,
87328.jpg,3,0,0,,
87349.jpg,4,0,0,,
87396.jpg,1,0,0,,
87513.jpg,1,0,0,,
8753.jpg,1,0,0,,
87672.jpg,1,0,0,,
87691.jpg,1,0,0,,
87799.jpg,1,0,0,,
87851.jpg,4,0,0,,
87876.jpg,1,0,0,,
87919.jpg,2,0,0,,
87927.jpg,4,0,0,,
87953.jpg,1,0,0,,
87959.jpg,2,0,0,,
87963.jpg,3,0,0,,
87974.jpg,1,0,0,,
88113.jpg,1,0,0,,
88211.jpg,3,0,0,,
88320.jpg,1,0,0,,
88418.jpg,1,0,0,,
88472.jpg,3,0,0,,
88546.jpg,1,0,0,,
88601.jpg,2,0,0,,
88724.jpg,1,0,0,,
88781.jpg,2,0,0,,
88868.jpg,1,0,0,,
88940.jpg,1,0,0,,
8897.jpg,1,0,0,,
89064.jpg,2,0,0,,
89174.jpg,1,0,0,,
89213.jpg,2,0,0,,
89485.jpg,2,0,0,,
89550.jpg,1,0,0,,
89623.jpg,1,0,0,,
89780.jpg,5,0,0,,
90013.jpg,4,0,0,,
90057.jpg,1,0,0,,
90103.jpg,1,0,0,,
90126.jpg,1,0,0,,
90198.jpg,2,0,0,,
90210.jpg,1,0,0,,
90227.jpg,1,0,0,,
90311.jpg,1,0,0,,
90411.jpg,1,0,0,,
90426.jpg,5,0,0,,
90495.jpg,2,0,0,,
90536.jpg,1,0,0,,
90638.jpg,1,0,0,,
90648.jpg,1,0,0,,
90723.jpg,3,0,0,,
90818.jpg,1,0,0,,
90853.jpg,1,0,0,,
90872.jpg,3,0,0,,
90889.jpg,1,0,0,,
90971.jpg,1,0,0,,
91045.jpg,1,0,0,,
91061.jpg,4,0,0,,
91075.jpg,2,0,0,,
91281.jpg,1,0,0,,
91365.jpg,1,0,0,,
91514.jpg,1,0,0,,
91534.jpg,3,0,0,,
91574.jpg,2,0,0,,
91600.jpg,2,0,0,,
91618.jpg,1,0,0,,
91702.jpg,6,0,0,,
91711.jpg,5,0,0,,
91767.jpg,2,0,0,,
91809.jpg,2,0,0,,
91827.jpg,1,0,0,,
91876.jpg,1,0,0,,
91895.jpg,1,0,0,,
91902.jpg,1,0,0,,
91939.jpg,1,0,0,,
91961.jpg,5,0,0,,
91987.jpg,2,0,0,,
92260.jpg,2,0,0,,
92367.jpg,6,0,0,,
92399.jpg,1,0,0,,
92419.jpg,2,0,0,,
9242.jpg,2,0,0,,
92435.jpg,1,0,0,,
92469.jpg,1,0,0,,
92536.jpg,1,0,0,,
92613.jpg,1,0,0,,
92730.jpg,2,0,0,,
92737.jpg,3,0,0,,
92774.jpg,1,0,0,,
92777.jpg,2,0,0,,
92868.jpg,1,0,0,,
92923.jpg,1,0,0,,
93043.jpg,2,0,0,,
93056.jpg,1,0,0,,
93168.jpg,1,0,0,,
93241.jpg,2,0,0,,
93260.jpg,2,0,0,,
93265.jpg,4,0,0,,
93350.jpg,4,0,0,,
93356.jpg,1,0,0,,
93387.jpg,1,0,0,,
93443.jpg,3,0,0,,
93491.jpg,1,0,0,,
93521.jpg,3,0,0,,
93610.jpg,2,0,0,,
93743.jpg,1,0,0,,
93802.jpg,1,0,0,,
93823.jpg,2,0,0,,
93873.jpg,4,0,0,,
93877.jpg,1,0,0,,
93879.jpg,1,0,0,,
93893.jpg,1,0,0,,
93906.jpg,1,0,0,,
9397.jpg,1,0,0,,
93976.jpg,1,0,0,,
93981.jpg,1,0,0,,
94028.jpg,1,0,0,,
94200.jpg,2,0,0,,
94240.jpg,1,0,0,,
94589.jpg,1,0,0,,
94604.jpg,2,0,0,,
94649.jpg,1,0,0,,
94761.jpg,2,0,0,,
94777.jpg,1,0,0,,
94942.jpg,1,0,0,,
95041.jpg,2,0,0,,
95189.jpg,1,0,0,,
95303.jpg,1,0,0,,
95386.jpg,1,0,0,,
95470.jpg,1,0,0,,
95482.jpg,4,0,0,,
95714.jpg,5,0,0,,
9574.jpg,1,0,0,,
95766.jpg,2,0,0,,
95896.jpg,1,0,0,,
96062.jpg,1,0,0,,
96153.jpg,2,0,0,,
96224.jpg,1,0,0,,
9624.jpg,2,0,0,,
96303.jpg,1,0,0,,
9633.jpg,2,0,0,,
96382.jpg,1,0,0,,
96437.jpg,2,0,0,,
96439.jpg,2,0,0,,
96566.jpg,1,0,0,,
96615.jpg,1,0,0,,
9662.jpg,2,0,0,,
96676.jpg,2,0,0,,
96895.jpg,1,0,0,,
96962.jpg,1,0,0,,
96971.jpg,3,0,0,,
97030.jpg,1,0,0,,
97107.jpg,1,0,0,,
97290.jpg,1,0,0,,
97378.jpg,1,0,0,,
97409.jpg,1,0,0,,
97468.jpg,1,0,0,,
9748.jpg,1,0,0,,
97549.jpg,1,0,0,,
97552.jpg,1,0,0,,
97625.jpg,1,0,0,,
97673.jpg,2,0,0,,
97737.jpg,3,0,0,,
97842.jpg,1,0,0,,
97903.jpg,1,0,0,,
98018.jpg,2,0,0,,
98115.jpg,2,0,0,,
98180.jpg,2,0,0,,
98340.jpg,4,0,0,,
98439.jpg,6,0,0,,
98447.jpg,1,0,0,,
98501.jpg,1,0,0,,
9854.jpg,2,0,0,,
98619.jpg,4,0,0,,
98640.jpg,1,0,0,,
98677.jpg,2,0,0,,
98708.jpg,1,0,0,,
98794.jpg,1,0,0,,
98846.jpg,1,0,0,,
98882.jpg,2,0,0,,
9902.jpg,1,0,0,,
992.jpg,1,0,0,,
9952.jpg,6,0,0,,
9966.jpg,1,0,0,,
